FILENAME,IDEAL INPUT,OUTPUT,   
ARXIV_1411_7798.json,"<TASK> Summarize this abstract for high-school audience while highlight importance of contributions </TASK> <ABSTRACT> <BACKGROUND>In multimedia applications, the text and image components in a web document form a pairwise constraint that potentially indicates the same semantic concept.</BACKGROUND> <BACKGROUND>This paper studies cross-modal learning via the pairwise constraint and aims to find the common structure hidden in different modalities.</BACKGROUND> <CONTRIBUTION>We first propose a compound regularization framework to address the pairwise constraint, which can be used as a general platform for developing cross-modal algorithms.</CONTRIBUTION> <CONTRIBUTION>For unsupervised learning, we propose a multi-modal subspace clustering method to learn a common structure for different modalities.</CONTRIBUTION> <CONTRIBUTION>For supervised learning, to reduce the semantic gap and the outliers in pairwise constraints, we propose a cross-modal matching method based on compound ℓ21 regularization.</CONTRIBUTION> <CONTRIBUTION>Extensive experiments demonstrate the benefits of joint text and image modeling with semantically induced pairwise constraints, and they show that the proposed cross-modal methods can further reduce the semantic gap between different modalities and improve the clustering/matching accuracy.</CONTRIBUTION> </ABSTRACT>","This paper shows how to link text and images by finding shared hidden patterns. The authors build a new mathematical framework and use it to create two tools: one that groups text and images without labels, and another that matches them when labels are present. Their tests prove these tools work better at reducing mistakes and improving accuracy in combining text and image data.",   
ARXIV_2103_12820.json,"<TASK> Summarize this abstract for high-school audience while highlight importance of contributions </TASK> <ABSTRACT> <BACKGROUND>Developing complex engineered systems (CES) poses significant challenges for engineers, managers, designers, and businesspeople alike due to the inherent complexity of the systems and contexts involved.</BACKGROUND> <BACKGROUND>Furthermore, experts have expressed great interest in filling the gap in theory about how CES develop.</BACKGROUND> <BACKGROUND>This article begins to address that gap in two ways.</BACKGROUND> <BACKGROUND>First, it reviews the numerous definitions of CES along with existing theory and methods on CES development processes.</BACKGROUND> <CONTRIBUTION>Then, it proposes the ComplEx System Integrated Utilities Model (CESIUM), a novel framework for exploring how numerous system and development process characteristics may affect the performance of CES.</CONTRIBUTION> <CONTRIBUTION>CESIUM creates simulated representations of a system architecture, the corresponding engineering organization, and the new product development process through which the organization designs the system.</CONTRIBUTION> <CONTRIBUTION>It does so by representing the system as a network of interdependent artifacts designed by agents.</CONTRIBUTION> <CONTRIBUTION>Agents iteratively design their artifacts through optimization and share information with other agents, thereby advancing the CES toward a solution.</CONTRIBUTION> <CONTRIBUTION>This paper describes the model, conducts a sensitivity analysis, provides validation, and suggests directions for future study.</CONTRIBUTION> </ABSTRACT>","CESIUM is a new tool that copies how both a complicated machine and the team building it work together. It treats the machine as a web of parts, and the engineers as agents who share ideas and improve their designs. The authors ran tests in different situations to make sure CESIUM gives reliable results. Finally, they suggested ways other researchers could build on their work.",   
ARXIV_2004_02020.json,"<TASK> Summarize this abstract for high-school audience while highlight importance of contributions </TASK> <ABSTRACT> <BACKGROUND>Remote attestation (RA) authenticates code running in trusted execution environments (TEEs), allowing trusted code to be deployed even on untrusted hosts.</BACKGROUND> <BACKGROUND>However, trust relationships established by one component in a distributed application may impact the security of other components, making it difficult to reason about the security of the application as a whole.</BACKGROUND> <BACKGROUND>Furthermore, traditional RA approaches interact badly with modern web service design, which tends to employ small interacting microservices, short session lifetimes, and little or no state.</BACKGROUND> <CONTRIBUTION>This paper presents the Decent Application Platform, a framework for building secure decentralized applications.</CONTRIBUTION> <CONTRIBUTION>Decent applications authenticate and authorize distributed enclave components using a protocol based on self-attestation certificates, a reusable credential based on RA and verifiable by a third party.</CONTRIBUTION> <CONTRIBUTION>Components mutually authenticate each other not only based on their code, but also based on the other components they trust, ensuring that no transitively-connected components receive unauthorized information.</CONTRIBUTION> <CONTRIBUTION>While some other TEE frameworks support mutual authentication in some form, Decent is the only system that supports mutual authentication without requiring an additional trusted third party besides the trusted hardware's manufacturer.</CONTRIBUTION> <CONTRIBUTION>We have verified the secrecy and authenticity of Decent application data in ProVerif, and implemented two applications to evaluate Decent's expressiveness and performance: DecentRide, a ride-sharing service, and DecentHT, a distributed hash table.</CONTRIBUTION> <CONTRIBUTION>On the YCSB benchmark, we show that DecentHT achieves 7.5x higher throughput and 3.67x lower latency compared to a non-Decent implementation.</CONTRIBUTION> </ABSTRACT>","The Decent Application Platform is a new system that lets different pieces of a distributed app check each other’s code and make sure it’s safe—all without extra middlemen. Each piece uses a special digital “badge” (called a self-attestation certificate) plus mathematical proofs to keep data private and prove it’s genuine. Engineers tested it in real apps, like a ride-sharing service and a distributed hash table. In those tests, it ran about seven times faster than usual systems and made each response in less than a third of the time.",   
ARXIV_1811_08536.json,"<TASK> Summarize this abstract for high-school audience while highlight importance of contributions </TASK> <ABSTRACT> <CONTRIBUTION>New relations among the mixture direct correlation function integrals (or fluctuation integrals) in terms of concentration variables are developed.</CONTRIBUTION> <CONTRIBUTION>These relations indicate that, for example, for a binary mixture only one of the three direct correlation function integrals (or one of the three fluctuation integrals) is independent.</CONTRIBUTION> <CONTRIBUTION>Different closure expressions for mixture cross direct correlation function integrals are suggested and they are joined with the exact relations to calculate all the direct correlation function integrals and fluctuation integrals in a mixture.</CONTRIBUTION> <CONTRIBUTION>The results indicate the possibility of introduction of simple closure expressions relating unlike- and like-interaction direct correlation integrals.</CONTRIBUTION> <CONTRIBUTION>It is demonstrated that the relation between the direct correlation integrals of hard-sphere mixtures can be satisfactorily represented by a simple geometric mean closure.</CONTRIBUTION> </ABSTRACT> ","Scientists came up with new, simple formulas that show how the parts of a two-ingredient mixture affect each other. They proved that you only need to know one main number to figure out all the interaction details. To check their idea, they used an easy averaging method for solid “hard-sphere” particles. Because of this work, predicting how mixtures behave is now much easier for scientists.",   
ARXIV_1506_00902.json,"<TASK> Summarize this abstract for high-school audience while highlight importance of contributions </TASK> <ABSTRACT> <CONTRIBUTION>We propose a novel method to constrain the spatial extent of dust around galaxies through the measurement of dust temperature.</CONTRIBUTION> <CONTRIBUTION>Our method combines the dust emission of galaxies from far-infrared (FIR) image stacking analysis and the quasar reddening due to the dust absorption around galaxies.</CONTRIBUTION> <CONTRIBUTION>As a specific application of our method, we use the stacked FIR emission profiles of SDSS photometric galaxies over the IRAS 100 μm map, and the recent measurement of the SDSS galaxy-quasar cross-correlation.</CONTRIBUTION> <CONTRIBUTION>If we adopt a single-temperature dust model, the resulting temperature is around 18 K, which is consistent with a typical dust temperature for a central part of galaxies.</CONTRIBUTION> <CONTRIBUTION>If we assume an additional dust component with much lower temperature, the current data imply the temperature of the galactic dust needs to be higher, 20 K to 30 K.</CONTRIBUTION> <BACKGROUND>Since the model of the density and temperature distribution of dust adopted in the current paper is very simple, we cannot draw any strong conclusion at this point.</BACKGROUND> <CONTRIBUTION>Nevertheless our novel method with the elaborated theoretical model and multi-band measurement of dust will offer an interesting constraint on the statistical nature of galactic dust.</CONTRIBUTION> </ABSTRACT>","This study describes an easy way to measure dust around galaxies. Scientists use heat-sensitive camera images and see how light from distant quasars turns reddish when it passes through dust. From two large sky surveys, they found that this dust is very cold—about 18 K in a basic model and up to 20–30 K when extra cold dust is added. By combining these two tricks, astronomers can better tell how much dust circles a galaxy and how chilly it really is.",   
ARXIV_2110_12691.json,"<TASK> Summarize this abstract for high-school audience while highlight importance of contributions </TASK> <ABSTRACT> <BACKGROUND>Compressed sensing (CS) in Magnetic resonance Imaging (MRI) essentially involves the optimization of 1) the sampling pattern in k-space under MR hardware constraints and 2) image reconstruction from the undersampled k-space data.</BACKGROUND> <BACKGROUND>Recently, deep learning methods have allowed the community to address both problems simultaneously, especially in the non-Cartesian acquisition setting.</BACKGROUND> <BACKGROUND>This paper aims to contribute to this field by tackling some major concerns in existing approaches.</BACKGROUND> <CONTRIBUTION>Regarding the learning of the sampling pattern, we perform ablation studies using parameter-free reconstructions like the density compensated (DCp) adjoint operator of the nonuniform fast Fourier transform (NUFFT) to ensure that the learned k-space trajectories actually sample the center of k-space densely.</CONTRIBUTION> <CONTRIBUTION>Additionally we optimize these trajectories by embedding a projected gradient descent algorithm over the MR hardware constraints.</CONTRIBUTION> <CONTRIBUTION>Later, we introduce a novel hybrid learning (HL) approach that operates across multiple resolutions to jointly optimize the reconstruction network and the k-space trajectory.</CONTRIBUTION> <CONTRIBUTION>This HL method presents an improved image reconstruction quality at 20-fold acceleration factor on the fastMRI dataset with SSIM scores of nearly 0.92-0.95 in our retrospective studies as compared to corresponding Cartesian reference.</CONTRIBUTION> <CONTRIBUTION>Further, we observe a 3-4 dB gain in PSNR as compared to earlier state-of-the-art methods.</CONTRIBUTION> </ABSTRACT>",MRI scans often take a long time because they need detailed data to form clear pictures. The researchers created and tested new patterns for collecting data and built a hybrid deep learning system that simultaneously decides how to scan and how to rebuild the image. Their method made scans up to 20 times faster and produced sharper images than older methods.,   
ARXIV_2003_03849.json,"<TASK> Summarize this abstract for high-school audience while highlight importance of contributions </TASK> <ABSTRACT> <BACKGROUND>The research in image quality assessment (IQA) has a long history, and significant progress has been made by leveraging recent advances in deep neural networks (DNNs).</BACKGROUND> <BACKGROUND>Despite high correlation numbers on existing IQA datasets, DNN-based models may be easily falsified in the group maximum differentiation (gMAD) competition.</BACKGROUND> <CONTRIBUTION>Here we show that gMAD examples can be used to improve blind IQA (BIQA) methods.</CONTRIBUTION> <CONTRIBUTION>Specifically, we first pre-train a DNN-based BIQA model using multiple noisy annotators, and fine-tune it on multiple synthetically distorted images, resulting in a “top-performing” baseline model.</CONTRIBUTION> <CONTRIBUTION>We then seek pairs of images by comparing the baseline model with a set of full-reference IQA methods in gMAD.</CONTRIBUTION> <CONTRIBUTION>The spotted gMAD examples are most likely to reveal the weaknesses of the baseline, and suggest potential ways for refinement.</CONTRIBUTION> <CONTRIBUTION>We query human quality annotations for the selected images in a well-controlled laboratory environment, and further fine-tune the baseline on the combination of human-rated images from gMAD and existing databases.</CONTRIBUTION> <CONTRIBUTION>This process may be iterated, enabling active fine-tuning from gMAD examples for BIQA.</CONTRIBUTION> <CONTRIBUTION>We demonstrate the feasibility of our active learning scheme on a large-scale unlabeled image set, and show that the fine-tuned quality model achieves improved generalizability in gMAD, without destroying performance on previously seen databases.</CONTRIBUTION> </ABSTRACT>","Scientists found a new way to teach AI to judge photo quality more accurately. They pick pairs of images—one the AI handles well and one that tricks it—to reveal its weak spots. Whenever the AI makes a mistake, people rate the tricky image, and those human scores are used to retrain the model. By repeating this “active learning” process, the AI learns from its errors and gets better at judging new images without losing its skill on the ones it already knew.",   
ARXIV_1010_1662.json,"<TASK> Summarize this abstract for high-school audience while highlight importance of contributions </TASK> <ABSTRACT> <CONTRIBUTION>We show that a partial gauge fixing of the NS sector of the democratic-picture superstring field theory leads to the non-polynomial theory.</CONTRIBUTION> <CONTRIBUTION>Moreover, by partially gauge fixing the Ramond sector we obtain a non-polynomial fully RNS theory at pictures 0 and ½.</CONTRIBUTION> <CONTRIBUTION>Within the democratic theory and in the partially gauge fixed theory the equations of motion of both sectors are derived from an action.</CONTRIBUTION> <CONTRIBUTION>We also discuss a representation of the non-polynomial theory analogous to a manifestly two-dimensional representation of WZW theory and the action of bosonic pure-gauge solutions.</CONTRIBUTION> <CONTRIBUTION>We further demonstrate that one can consistently gauge fix the NS sector of the democratic theory at picture number −1.</CONTRIBUTION> <CONTRIBUTION>The resulting theory is new.</CONTRIBUTION> <CONTRIBUTION>It is a Z2​ dual of the modified cubic theory.</CONTRIBUTION> <CONTRIBUTION>We construct analytical solutions of this theory and show that they possess the desired properties.</CONTRIBUTION> </ABSTRACT>","In this paper, the authors introduce an easy-to-understand method called gauge fixing that simplifies a complex string theory without losing any of its key ideas. They then build two new models from a clear starting rule (the “action”) and prove they work by giving precise, exact examples. Finally, they discover a brand-new “dual” theory linked to the famous cubic model and provide simple, step-by-step formulas so students can follow along and verify the results themselves.",   
ARXIV_2403_06647.json,"<TASK> Summarize this abstract for high-school audience while highlight importance of contributions </TASK> <ABSTRACT> <BACKGROUND>We study the positivity and asymptotic behaviour of nonnegative solutions of a general nonlocal fast diffusion equation, ∂tu+Lφ(u)=0,∂t​u+Lφ(u)=0, and the interplay between these two properties.</BACKGROUND> <BACKGROUND>Here LL is a stable-like operator and φφ is a singular nonlinearity.</BACKGROUND> <CONTRIBUTION>We start by analysing positivity by means of a weak Harnack inequality satisfied by a related elliptic (nonlocal) equation.</CONTRIBUTION> <CONTRIBUTION>Then we use this positivity to establish the asymptotic behaviour: under certain hypotheses on the nonlocal operator and nonlinearity, our solutions behave asymptotically as the Barenblatt solution of the standard fractional fast diffusion equation.</CONTRIBUTION> <BACKGROUND>The main difficulty stems from the generality of the operator, which does not allow the use of the methods that were available for the fractional Laplacian.</BACKGROUND> <CONTRIBUTION>Our results are new even in the case where φφ is a power.</CONTRIBUTION> </ABSTRACT>","This paper studies how things like heat or particles spread over time. The authors made three key discoveries. First, they proved that the solutions never go below zero, so they stay nonnegative. Second, they found that as time passes, the spreading follows the famous Barenblatt pattern. Third, they showed that these results apply to a much wider range of diffusion processes than those studied before, even beyond the usual power-law examples.",   
ARXIV_1805_12212.json,"<TASK> Summarize this abstract for high-school audience while highlight importance of contributions </TASK> <ABSTRACT> <BACKGROUND>We describe, study, and experiment with an algorithm for finding all solutions of systems of polynomial equations using homotopy continuation and monodromy.</BACKGROUND> <BACKGROUND>This algorithm follows the framework developed by Duff et al. (2018) and can operate in the presence of a large number of failures of the homotopy continuation subroutine.</BACKGROUND> <CONTRIBUTION>We give special attention to parallelization and probabilistic analysis of a model adapted to parallelization and failures.</CONTRIBUTION> <CONTRIBUTION>Apart from theoretical results, we developed a simulator that allows us to run a large number of experiments without recomputing the outcomes of the continuation subroutine.</CONTRIBUTION> </ABSTRACT>","This paper explains a way to solve many polynomial equations by starting with simple ones and slowly changing them into harder ones. It also uses a tool called monodromy to jump between different solutions. The authors made three big improvements. First, they made the method run on lots of computers at the same time. Second, they studied how often parts of the process might fail and why. Third, they built a simulator that can check thousands of problems quickly without redoing every step. Together, these changes make solving large equation systems faster, more reliable, and much easier to test.",   
ARXIV_astro_ph_0205031.json,"<TASK> Summarize this abstract for high-school audience while highlight importance of contributions </TASK> <ABSTRACT> <CONTRIBUTION>We present new Hubble Space Telescope, high-resolution optical imaging of the submillimeter luminous Lyman break galaxy (LBG), Westphal-MMD 11, an interacting starburst at z = 2.979.</CONTRIBUTION> <CONTRIBUTION>The new imaging data, in conjunction with reanalysis of Keck optical and near-IR spectra, demonstrate MMD 11 to be an interacting system of at least three components: a luminous blue source, a fainter blue source, and an extremely red object (ERO) with R–K ≳ 6.</CONTRIBUTION> <BACKGROUND>The separations between components are ∼8 kpc (Λ = 0.7, ΩM = 0.3, h = 0.65), similar to some of the local ultraluminous infrared galaxies (ULIGs).</BACKGROUND> <CONTRIBUTION>The lack of obvious active galactic nucleus in MMD 11, along with the fragmented, early-stage merger morphology, suggest a young forming environment.</CONTRIBUTION> <CONTRIBUTION>While we cannot unambiguously identify the location of the far-IR emission within the system, analogy to similar ULIGs suggests the ERO as the likely far-IR source.</CONTRIBUTION> <CONTRIBUTION>The greater than 10¹² L☉ bolometric luminosity of MMD 11 can be predicted reasonably from its rest-frame UV properties once all components are taken into account; however, this is not typically the case for local galaxies of similar luminosities.</CONTRIBUTION> <BACKGROUND>While LBGs as red in g–R and R–K as MMD 11 are rare, they can only be found over the restricted 2.7 < z < 3.0 range.</BACKGROUND> <CONTRIBUTION>Therefore, a substantial number of MMD 11-like galaxies (≃0.62 arcmin⁻²) may exist when integrated over the likely redshift range of SCUBA sources (z = 1–5), suggesting that SCUBA sources should not necessarily be seen as completely orthogonal to optically selected galaxies.</CONTRIBUTION> </ABSTRACT>","This paper looks at new images from the Hubble and Keck telescopes. It shows that Westphal-MMD 11 is actually three galaxies interacting with each other. The authors also identify which of the three shines brightest in infrared light. They then measure its ultraviolet brightness and use that to suggest that other rare, red “Lyman break” galaxies were actually quite common in the early universe. Finally, they demonstrate that combining data from different telescopes can uncover hidden shapes and intense bursts of star formation in very distant galaxies.",   
ARXIV_2206_06633.json,"<TASK> Summarize this abstract for high-school audience while highlight importance of contributions </TASK> <ABSTRACT> <BACKGROUND>Properties of systems with exact n-fold screw symmetry (n = 2, 3, 4, 6) have been well studied because they can be understood in terms of space groups.</BACKGROUND> <BACKGROUND>On the other hand, existence of materials with approximate screw symmetries, such as 7-fold and 10-fold screw symmetries, has been predicted.</BACKGROUND> <CONTRIBUTION>In this paper, we study properties of phonons in crystals with approximate screw symmetries, which will lead to unique and new physical phenomena.</CONTRIBUTION> <CONTRIBUTION>In a crystal with an approximate screw symmetry, we propose a method to extract information of pseudoangular momentum of phonons, which is a quantum number characterizing the properties of phonon modes under screw symmetry, based on the fact that the information of the quantum numbers defined under exact screw symmetry partially remains in the eigenvectors of approximate screw symmetric systems.</CONTRIBUTION> <CONTRIBUTION>As a preparation, we study a one-dimensional crystal with partially broken translation symmetry to have an enlarged unit cell, and we show how to extract information of a quantum number corresponding to the pseudoangular momentum, by studying a relative phase between neighboring atoms.</CONTRIBUTION> <CONTRIBUTION>We also extend this method to systems with an approximate screw symmetry, and discuss properties of the pseudoangular momentum.</CONTRIBUTION> <CONTRIBUTION>We apply this method to results of our first-principle calculations on candidate materials with an approximate translational symmetry or with an approximate screw symmetry, and show how this approximate symmetry is reflected in the phonon wavefunctions.</CONTRIBUTION> </ABSTRACT>",This paper looks at crystals that twist in patterns called screw symmetries. Scientists predicted new materials with almost perfect 7- and 10-fold twists but didn’t know how their vibrations worked. The authors introduce a simple way to find a hidden number—called pseudoangular momentum—by measuring tiny shifts in how atoms move. They test this idea first on a basic one-dimensional model and then on real materials using computer calculations. Their results show how small breaks in perfect symmetry can change the way these crystals vibrate.,   
ARXIV_2101_12333.json,"<TASK> Summarize this abstract for high-school audience while highlight importance of contributions </TASK> <ABSTRACT> <BACKGROUND>Given an (optimal) dynamic treatment rule, it may be of interest to evaluate that rule – that is, to ask the causal question: what is the expected outcome had every subject received treatment according to that rule?</BACKGROUND> <BACKGROUND>In this paper, we study the performance of estimators that approximate the true value of: 1) an a priori known dynamic treatment rule 2) the true, unknown optimal dynamic treatment rule (ODTR); 3) an estimated ODTR, a so-called “data-adaptive parameter,” whose true value depends on the sample.</BACKGROUND> <CONTRIBUTION>Using simulations of point-treatment data, we specifically investigate: 1) the impact of increasingly data-adaptive estimation of nuisance parameters and/or of the ODTR on performance; 2) the potential for improved efficiency and bias reduction through the use of semiparametric efficient estimators; and, 3) the importance of sample splitting based on CV-TMLE for accurate inference.</CONTRIBUTION> <CONTRIBUTION>In the simulations considered, there was very little cost and many benefits to using the cross-validated targeted maximum likelihood estimator (CV-TMLE) to estimate the value of the true and estimated ODTR; importantly, and in contrast to non cross-validated estimators, the performance of CV-TMLE was maintained even when highly data-adaptive algorithms were used to estimate both nuisance parameters and the ODTR.</CONTRIBUTION> <CONTRIBUTION>In addition, we apply these estimators for the value of the rule to the “Interventions” Study, an ongoing randomized controlled trial, to identify whether assigning cognitive behavioral therapy (CBT) to criminal justice-involved adults with mental illness using an ODTR significantly reduces the probability of recidivism, compared to assigning CBT in a non-individualized way.</CONTRIBUTION> </ABSTRACT>","This paper presents new ways to test how well personalized treatment plans work. First, the authors ran computer simulations to show that a special statistical method stays accurate and fair, even when it uses complicated algorithms. Then they used this approach on a real study of cognitive behavioral therapy for adults in the criminal justice system. They found that picking treatments with their best rule could greatly reduce the number of people who re-offend.",   
ARXIV_1304_4762.json,"<TASK> Summarize this abstract for high-school audience while highlight importance of contributions </TASK> <ABSTRACT> <BACKGROUND>The Kepler-36 system consists of two planets that are spaced unusually close together, near the 7:6 mean motion resonance.</BACKGROUND> <BACKGROUND>While it is known that mean motion resonances can easily form by convergent migration, Kepler-36 is an extreme case due to the close spacing and the relatively high planet masses of 4 and 8 times that of the Earth.</BACKGROUND> <CONTRIBUTION>In this paper, we investigate whether such a system can be obtained by interactions with the protoplanetary disc.</CONTRIBUTION> <BACKGROUND>These discs are thought to be turbulent and exhibit density fluctuations which might originate from the magneto-rotational instability.</BACKGROUND> <CONTRIBUTION>We adopt a realistic description for stochastic forces due to these density fluctuations and perform both long term hydrodynamical and N-body simulations.</CONTRIBUTION> <CONTRIBUTION>Our results show that planets in the Kepler-36 mass range can be naturally assembled into a closely spaced planetary system for a wide range of migration parameters in a turbulent disc similar to the minimum mass solar nebula.</CONTRIBUTION> <CONTRIBUTION>The final orbits of our formation scenarios tend to be Lagrange stable, even though large parts of the parameter space are chaotic and unstable.</CONTRIBUTION> </ABSTRACT>","Scientists studied how churning gas around a young star can push planets into very tight orbits, like those seen in Kepler-36. They built easy-to-use computer models that mix gas flow, gravity, and random pushes from turbulence. Their results show that Earth-size to super-Earth-size planets can form close to each other on their own and still stay in steady paths around the star. This new approach explains extreme planet spacing by adding random forces and running the models for a long time.",   
ARXIV_0802_2319.json,<TASK> Summarize this abstract for high-school audience while highlight importance of contributions </TASK> <ABSTRACT> <BACKGROUND>Fractal geometry of random curves appearing in the scaling limit of critical two-dimensional statistical systems is characterized by their harmonic measure and winding angle.</BACKGROUND> <BACKGROUND>The former is the measure of the jaggedness of the curves while the latter quantifies their tendency to form logarithmic spirals.</BACKGROUND> <CONTRIBUTION>We show how these characteristics are related to local operators of conformal field theory and how they can be computed using conformal invariance of critical systems with central charge c ⩽ 1.</CONTRIBUTION> </ABSTRACT>,"This research studies wiggly lines that show up in certain physics models. These lines have two key features: how rough or jagged they are, and how much they spiral. The authors introduce a new method that uses a powerful math framework called conformal field theory. With this method, they can calculate exactly these jaggedness and spiraling properties for systems up to a certain complexity (central charge up to one). This breakthrough gives scientists an easy tool to study and predict complex fractal patterns in flat, two-dimensional systems at critical points.",   
ARXIV_2302_07297.json,<TASK> Summarize this abstract for high-school audience while highlight importance of contributions </TASK> <ABSTRACT> <BACKGROUND>Imaging biomarkers with increased myelin specificity are needed to better understand the complex progression of neurological disorders.</BACKGROUND> <BACKGROUND>Inhomogeneous magnetization transfer (ihMT) imaging is an emergent technique that has a high degree of specificity for myelin content but suffers from low signal to‐noise ratio (SNR).</BACKGROUND> <CONTRIBUTION>This study used simulations to determine optimal sequence parameters for ihMT imaging for use in high‐resolution cortical mapping.</CONTRIBUTION> </ABSTRACT>,"Myelin is the protective coating around the nerves in your brain. Doctors need clear maps of myelin to study brain diseases. Right now, scans are either too blurry or miss the myelin. A special scan called ihMT can find myelin but its pictures are noisy. In this study, the authors ran computer tests to try different scan settings. They picked the best settings and made clear, detailed maps of myelin in the brain’s surface. This new method could help doctors diagnose and study brain disorders much better.",   
ARXIV_1410_8790.json,"<TASK> Summarize this abstract for high-school audience while highlight importance of contributions </TASK> <ABSTRACT> <CONTRIBUTION>We show that if 𝔄 is a commutative complex non-unital Banach Algebra with norm ∥·∥, then ∥·∥ is regular on 𝔄 if and only if ∥·∥ₒₚ is a norm on 𝔄 ⊕ ℂ and 𝔄 ⊕ ℂ is a commutative complex Banach Algebra with respect to ∥·∥ₒₚ.​​","This paper looks at math systems where you can add, multiply, and measure how “big” elements are, but some of these systems don’t have the number “1.” The authors show that a key property called “regularity” still works exactly the same if you first add the missing “1” and then measure size using the usual operator norm. In other words, they give a simple test to know when you can extend a system by adding “1” without losing its nice size-measuring features. This makes complex calculations in these systems more dependable.",   
ARXIV_1212_4605.json,"<TASK> Summarize this abstract for high-school audience while highlight importance of contributions </TASK> <ABSTRACT> <BACKGROUND>Active galactic nuclei (AGN) play a decisive role in galaxy evolution, particularly so when they launch powerful jets, which reshape their surroundings.</BACKGROUND> <BACKGROUND>However, identifying them is difficult, since radio observations typically have a resolution between 1 arcsec and 10 arcsec, which is equally sensitive to radio emission from star-forming activity and from AGN.</BACKGROUND> <BACKGROUND>Very Long Baseline Interferometry (VLBI) observations allow only the most compact non-thermal emission to be filtered from radio survey data.</BACKGROUND> <BACKGROUND>The observational and computational demands to do this in large surveys have, until recently, been too high to make this practical.</BACKGROUND> <CONTRIBUTION>Only the recent advent of wide-field observing techniques have enabled such observations, and we here present the results of a survey of 217 radio sources in the Lockman Hole/XMM field.</CONTRIBUTION> <CONTRIBUTION>We describe in detail some new aspects of the calibration, including primary beam correction, multi-source self-calibration, and mosaicing.</CONTRIBUTION> </ABSTRACT>","Galaxies can have super-bright centers called active galactic nuclei (AGN) that affect their surroundings. It’s hard to find AGN in radio images because those pictures also show new star formation. In this study, scientists used a powerful telescope setup called VLBI and a wide-field view to look at 217 radio sources in the Lockman Hole/XMM region. They made three key improvements: fixing how the telescope’s view changes across the sky, calibrating many sources at once, and combining all the small images into one big picture. These changes make it much easier to spot the compact AGN signals and learn how black holes shape their galaxies.",   
ARXIV_2403_06250.json,"<TASK> Summarize this abstract for high-school audience while highlight importance of contributions </TASK> <ABSTRACT> <BACKGROUND>This paper considers averaging operators on various algebraic structures and studies the induced structures.</BACKGROUND> <CONTRIBUTION>We first introduce the notion of an averaging operator on a group $G$ and show that it induces a rack structure.</CONTRIBUTION> <CONTRIBUTION>Moreover, the given group structure and the induced rack structure form a group-rack.</CONTRIBUTION> <CONTRIBUTION>We observe that any pointed group-rack can be embedded into an averaging group.</CONTRIBUTION> <CONTRIBUTION>We show that the differentiation of a smooth pointed averaging operator on a Lie group gives rise to an averaging operator on the corresponding Lie algebra.</CONTRIBUTION> <CONTRIBUTION>Next, we consider averaging operators on a rack that induces a hierarchy of new rack structures.</CONTRIBUTION> <CONTRIBUTION>Moreover, any two racks with increasing hierarchy levels form a rack-pairing, a structure that is related to two-sided skew braces by conjugation.</CONTRIBUTION> <CONTRIBUTION>We also consider averaging operators on cocommutative Hopf algebras and braided vector spaces in relations to averaging operators on groups, Lie algebras and racks.</CONTRIBUTION> <CONTRIBUTION>In the end, we define averaging operators on a Leibniz algebra, find the induced structure and show that the differentiation of a smooth pointed averaging operator on a pointed Lie rack yields an averaging operator on the corresponding Leibniz algebra.</CONTRIBUTION> </ABSTRACT>","This work shows how a simple “averaging” rule in algebra can build new structures. First, the authors add averaging operators to groups to create rack-like systems. Next, they link these ideas to Lie and Leibniz algebras using a process like differentiation. Finally, they extend the averaging rule to more advanced settings such as Hopf algebras and braided spaces. Altogether, these steps reveal a connected web of algebraic objects that help us understand symmetry and structure more clearly.",   
ARXIV_1812_00548.json,"<TASK> Summarize this abstract for high-school audience while highlight importance of contributions </TASK> <ABSTRACT> <BACKGROUND>X-Ray image enhancement, along with many other medical image processing applications, requires the segmentation of images into bone, soft tissue, and open beam regions.</BACKGROUND> <CONTRIBUTION>We apply a machine learning approach to this problem, presenting an end-to-end solution which results in robust and efficient inference.</CONTRIBUTION> <CONTRIBUTION>Since medical institutions often do not have the resources to process and label the large quantity of X-Ray images usually needed for neural network training, we design an end-to-end solution for small datasets, while achieving state-of-the-art results.</CONTRIBUTION> <CONTRIBUTION>Our implementation produces an overall accuracy of 92%, F1 score of 0.92, and an AUC of 0.98, surpassing classical image processing techniques, such as clustering and entropy based methods, while improving upon the output of existing neural networks used for segmentation in non-medical contexts.</CONTRIBUTION> <BACKGROUND>The code used for this project is available online.</BACKGROUND> </ABSTRACT>","This paper explains how to teach a computer to split X-ray images into bone, soft tissue, and empty beam areas (the background). The team built a brand-new, all-in-one machine learning system that works even if hospitals have only a few X-ray pictures to train on—something nobody else had done before—and made it super fast and reliable. Their tool scored 92% accuracy, a 0.92 F1 score, and a 0.98 AUC, beating older methods, and they even shared their code online so other researchers and doctors can use it too. ​",   
ARXIV_2409_19549.json,"<TASK> Summarize this abstract for high-school audience while highlight importance of contributions </TASK> <ABSTRACT> <CONTRIBUTION>We construct elements in the motivic cohomology of certain rank 4 weight 3 Calabi–Yau motives, and write down explicit expressions for the regulators of these elements in the context of conjectures on L-values such as those of Beilinson or Bloch–Kato.</CONTRIBUTION> <CONTRIBUTION>We apply a combination of three ideas: (i) that a motive can be made to vary in a family in such a way that a desired motivic cohomology class is realized by relative cohomology; (ii) that there are ways to construct higher-rank (such as 2×2) regulators from a single family; and (iii) that one can arrange elements in H⁴ₘₒₜ(X,ℤ(p)) with different p’s by choosing hypergeometric families with different local exponents.</CONTRIBUTION> <BACKGROUND>Following background material on Hodge theory, algebraic cycles, differential equations, and hypergeometric variations, we work out two cases in detail where p=3,4.</BACKGROUND> <BACKGROUND>Regarding our Calabi–Yau motives Xₜ as fibers in a suitable total space ℰ→U⊂ℙ¹, each Hodge class in Hom₍MHS₎(ℚ(0),H⁴(ℰ,ℚ(p))) produces a family of extension classes in Ext¹₍MHS₎(ℚ(0),H³(Xₜ,ℚ(p))) called a normal function.</BACKGROUND> <CONTRIBUTION>Our main results for these cases, which are essentially independent, are the explicit computation of the normal functions, and the construction of motivic cohomology cycles realizing the Hodge classes, thereby proving Beilinson’s Hodge-type conjecture and providing the first numerical checks of Beilinson’s conjectures on special values of L-functions for such motives.</CONTRIBUTION> </ABSTRACT>","This paper creates new building blocks for studying special shapes called Calabi–Yau. The authors show how to measure these blocks with a tool called regulators, which helps check predictions from number theory. They did this in three steps: they varied the shapes in groups, used larger tables of regulator values, and tweaked parameters in special functions. Finally, they tested important math conjectures by calculating key functions directly and checking specific number values for the first time.",   
ARXIV_1309_3798.json,"<TASK> Summarize this abstract for high-school audience while highlight importance of contributions </TASK> <ABSTRACT> <BACKGROUND>Hou et al have introduced a framework to serve clients over wireless channels when there are hard deadline constraints along with a minimum delivery ratio for each client's flow.</BACKGROUND> <BACKGROUND>Policies based on “debt,” called maximum debt first policies (MDF), were introduced and shown to be timely-throughput optimal.</BACKGROUND> <BACKGROUND>By “timely-throughput optimality” it is meant that if there exists a policy that fulfils a set of clients with a given vector of delivery ratios and a vector of channel reliabilities, then the MDF policy will also fulfill them.</BACKGROUND> <BACKGROUND>The debt of a user is the difference between the number of packets that should have been delivered so as to meet the delivery ratio and the number of packets that have been delivered for that client.</BACKGROUND> <BACKGROUND>The MDF policy prioritizes the clients in decreasing order of debts at the beginning of every period.</BACKGROUND> <BACKGROUND>Note that a throughput optimal policy only guarantees that lim inf<sub>T→∞</sub> (1/T) ∑<sub>t=1</sub><sup>T</sup> 1{client n’s packet is delivered in frame t} ≥ q<sub>i</sub>, where the right hand side is the required delivery ratio for client i.</BACKGROUND> <BACKGROUND>Thus, it only guarantees that the debts of each user are o(T), and can be otherwise arbitrarily large.</BACKGROUND> <BACKGROUND>This raises the interesting question about what is the growth rate of the debts under the MDF policy.</BACKGROUND> <CONTRIBUTION>We show the optimality of MDF policy in the case when the channel reliabilities of all users are same, and obtain performance bounds for the general case.</CONTRIBUTION> <CONTRIBUTION>We characterize the performance by almost sure bounds on lim sup<sub>t→∞</sub> {d<sub>i</sub>(t)}/{φ(t)} for all i, where φ(t)=√(2 t log log t).</CONTRIBUTION> </ABSTRACT>","This paper studies how to send data over wireless networks so that every user’s messages arrive before tight deadlines. The authors focus on a rule called MDF (“maximum debt first”), which decides who to serve next based on who’s fallen most behind. They prove that MDF not only keeps things fair over time but is actually the best choice when all network channels work equally well. They also work out exact formulas for how quickly a user’s “debt” (how much data they still need) can grow. Thanks to these findings, engineers can predict in advance how well a real-time wireless system will perform.",   
ARXIV_2503_07951.json,"<TASK> Summarize this abstract for high-school audience while highlight importance of contributions </TASK> <ABSTRACT> <BACKGROUND>α-MnTe, an A-type collinear antiferromagnet, has recently attracted significant attention due to its pronounced spin splitting despite having net zero magnetization, a phenomenon unique for a new class of magnetism dubbed altermagnetism.</BACKGROUND> ​","This study looks at a material called α-MnTe, which has tiny magnets that cancel each other out but still create a strong split in electron spins. The authors built a simple mathematical model using the crystal’s symmetry rules and computer simulations to show how electrons move differently at important spots in the crystal. They discovered that the usually weak spin-orbit interaction actually drives this big effect. Finally, their work gives scientists a clear plan for testing these new “altermagnetic” behaviors in the lab.",   
ARXIV_1808_05440.json,"<TASK> Summarize this abstract for high-school audience while highlight importance of contributions </TASK> <ABSTRACT> <BACKGROUND>Tensoring finite pointed simplicial sets with commutative ring spectra yields important homology theories such as (higher) topological Hochschild homology and torus homology.</BACKGROUND> <CONTRIBUTION>We prove several structural properties of these constructions relating X⊗(−) to ΣX⊗(−) and we establish splitting results.</CONTRIBUTION> <CONTRIBUTION>This allows us, among other important examples, to determine THH∗[n]​(Z/pm;Z/p) for all n≥1 and for all m≥2.</CONTRIBUTION> </ABSTRACT>","This paper introduces a new way to break down very complex mathematical objects into simpler building blocks. The authors first found fresh connections between these blocks using special “splitting” techniques. Then they used those connections to calculate values of something called topological Hochschild homology groups (THH[n]) for every level n and power m—something no one had done before. Thanks to these results, mathematicians can now compute and understand these advanced tools much more easily.",   
ARXIV_2309_13014.json,"<TASK> Summarize this abstract for high-school audience while highlight importance of contributions </TASK> <ABSTRACT> <BACKGROUND>Finite-dimensional quantum theory serves as the theoretical foundation for quantum information and computation.</BACKGROUND> <BACKGROUND>Mathematically, it is formalized in the category FHilb, comprising all finite-dimensional Hilbert spaces and linear maps between them.</BACKGROUND> <BACKGROUND>However, there has not been a graphical language for FHilb which is both universal and complete and thus incorporates a set of rules rich enough to derive any equality of the underlying formalism solely by rewriting.</BACKGROUND> <CONTRIBUTION>In this paper, we introduce the qufinite ZXW calculus – a graphical language for reasoning about finite-dimensional quantum theory.</CONTRIBUTION> <CONTRIBUTION>We set up a unique normal form to represent an arbitrary tensor and prove the completeness of this calculus by demonstrating that any qufinite ZXW diagram can be rewritten into its normal form.</CONTRIBUTION> <CONTRIBUTION>This result implies the equivalence of the qufinite ZXW calculus and the category FHilb, leading to a purely diagrammatic framework for finite-dimensional quantum theory with the same reasoning power.</CONTRIBUTION> <CONTRIBUTION>In addition, we identify several domains where the application of the qufinite ZXW calculus holds promise.</CONTRIBUTION> <CONTRIBUTION>These domains include spin networks, interacting mixed-dimensional systems in quantum chemistry, quantum programming, high-level description of quantum algorithms, and mixed-dimensional quantum computing.</CONTRIBUTION> <CONTRIBUTION>Our work paves the way for a comprehensive diagrammatic description of quantum physics, opening the doors of this area to the wider public.</CONTRIBUTION> </ABSTRACT>","This paper presents a new visual toolkit called the qufinite ZXW calculus. Instead of using complex equations, scientists can draw and rewrite simple diagrams. The authors show how to convert every picture into one standard shape (a “normal form”) and prove it works just as well as the usual math. This diagram method makes quantum concepts easier to grasp and could help in fields like quantum chemistry, programming, and advanced computing.",   
ARXIV_2109_12846.json,"<TASK> Summarize this abstract for high-school audience while highlight importance of contributions </TASK> <ABSTRACT> <BACKGROUND>The goal of the crime forecasting problem is to predict different types of crimes for each geographical region (like a neighborhood or censor tract) in the near future.</BACKGROUND> <BACKGROUND>Since nearby regions usually have similar socioeconomic characteristics which indicate similar crime patterns, recent state-of-the-art solutions constructed a distance-based region graph and utilized Graph Neural Network (GNN) techniques for crime forecasting, because the GNN techniques could effectively exploit the latent relationships between neighboring region nodes in the graph if the edges reveal high dependency or correlation.</BACKGROUND> <BACKGROUND>However, this distance-based pre-defined graph can not fully capture crime correlation between regions that are far from each other but share similar crime patterns.</BACKGROUND> <BACKGROUND>Hence, to make a more accurate crime prediction, the main challenge is to learn a better graph that reveals the dependencies between regions in crime occurrences and meanwhile captures the temporal patterns from historical crime records.</BACKGROUND> <CONTRIBUTION>To address these challenges, we propose an end-to-end graph convolutional recurrent network called HAGEN with several novel designs for crime prediction.</CONTRIBUTION> <CONTRIBUTION>Specifically, our framework could jointly capture the crime correlation between regions and the temporal crime dynamics by combining an adaptive region graph learning module with the Diffusion Convolution Gated Recurrent Unit (DCGRU).</CONTRIBUTION> <CONTRIBUTION>Based on the homophily assumption of GNN (i.e., graph convolution works better where neighboring nodes share the same label), we propose a homophily-aware constraint to regularize the optimization of the region graph so that neighboring region nodes on the learned graph share similar crime patterns, thus fitting the mechanism of diffusion convolution.</CONTRIBUTION> <BACKGROUND>Empirical experiments and comprehensive analysis on two real-world datasets showcase the effectiveness of HAGEN.</BACKGROUND> </ABSTRACT>","This study introduces HAGEN, a new tool for predicting crime. HAGEN looks at crime data from different neighborhoods. It figures out which areas influence each other’s crime. It also has a built-in memory feature that helps it track how crime changes over time. HAGEN builds a simple map of these connections and keeps similar neighborhoods linked together. When tested with real city crime data, HAGEN made more accurate predictions than older methods.",   
ARXIV_2409_17578.json,"<TASK> Summarize this abstract for high-school audience while highlight importance of contributions </TASK> <ABSTRACT> <BACKGROUND>Passively collected ""big"" data sources are increasingly used to inform critical development policy decisions in low- and middle-income countries.</BACKGROUND> <BACKGROUND>While prior work highlights how such approaches may reveal sensitive information, enable surveillance, and centralize power, less is known about the corresponding privacy concerns, hopes, and fears of the people directly impacted by these policies -- people sometimes referred to as experiential experts.</BACKGROUND> <CONTRIBUTION>To understand the perspectives of experiential experts, we conducted semi-structured interviews with people living in rural villages in Togo shortly after an entirely digital cash transfer program was launched that used machine learning and mobile phone metadata to determine program eligibility.</CONTRIBUTION> <CONTRIBUTION>This paper documents participants' privacy concerns surrounding the introduction of big data approaches in development policy.</CONTRIBUTION> <CONTRIBUTION>We find that the privacy concerns of our experiential experts differ from those raised by privacy and development domain experts.</CONTRIBUTION> <CONTRIBUTION>To facilitate a more robust and constructive account of privacy, we discuss implications for policies and designs that take seriously the privacy concerns raised by both experiential experts and domain experts.</CONTRIBUTION> </ABSTRACT>","Researchers talked with people in rural Togo about a digital cash program that uses big data and machine learning to decide who gets money. They found that local residents worried about their privacy in ways experts hadn’t expected—like fearing their personal details could be shared without their okay. The team wrote down these real concerns. Finally, they proposed simple fixes, such as clear notices explaining how data is used and tools that let people control who can see their information. These changes aim to keep everyone’s data safe and respected.",   
ARXIV_2410_03090.json,"<TASK> Summarize this abstract for high-school audience while highlight importance of contributions </TASK> <ABSTRACT> <BACKGROUND>Deploying large language models (LLMs) is challenging due to their high memory and computational demands, especially during long-context inference.</BACKGROUND> <BACKGROUND>While key-value (KV) caching accelerates inference by reusing previously computed keys and values, it also introduces significant memory overhead.</BACKGROUND> <BACKGROUND>Existing KV cache compression methods such as eviction and merging typically compress the KV cache after it is generated and overlook the eviction of hidden states, failing to improve the speed of the prefilling stage.</BACKGROUND> <BACKGROUND>Additionally, applying a uniform compression rate across different attention heads can harm crucial retrieval heads in needle-in-a-haystack tasks due to excessive compression.</BACKGROUND> <CONTRIBUTION>In this paper, we propose UNComp, an uncertainty-aware compression scheme that leverages matrix entropy to estimate model uncertainty across layers and heads at the token sequence level.</CONTRIBUTION> <CONTRIBUTION>By grouping layers and heads based on their uncertainty, UNComp adaptively compresses both the hidden states and the KV cache.</CONTRIBUTION> <CONTRIBUTION>Our method achieves a 1.6× speedup in the prefilling stage and reduces the KV cache to 4.74% of its original size, resulting in a 6.4× increase in throughput and a 1.4× speedup in inference with only a 1.41% performance loss.</CONTRIBUTION> <CONTRIBUTION>Remarkably, in needle-in-a-haystack tasks, UNComp outperforms the full-size KV cache even when compressed to 9.38% of its original size.</CONTRIBUTION> <CONTRIBUTION>Our approach offers an efficient, training-free Grouped-Query Attention paradigm that can be seamlessly integrated into existing KV cache schemes.</CONTRIBUTION> </ABSTRACT> ​","In simple terms, the authors created a method called UNComp that smartly squeezes the memory cache used by huge language AIs by checking where the model is most uncertain and only compressing less important parts. This makes the AI start generating answers about 1.6 times faster, handles over six times more data per second, and still keeps accuracy almost the same. Even in really tricky “needle-in-a-haystack” search tasks, UNComp does better than using the full uncompressed cache.",   
ARXIV_1401_7071.json,"<TASK> Summarize this abstract for high-school audience while highlight importance of contributions </TASK> <ABSTRACT> <CONTRIBUTION>We obtain uncountably many periodic solutions to the singular Yamabe problem on a round sphere, that blow up along a great circle.</CONTRIBUTION> <BACKGROUND>These are (complete) constant scalar curvature metrics on the complement of $S^1$ inside $S^m$, $m\geq 5$, that are conformal to the round (incomplete) metric and ""periodic"" in the sense of being invariant under a discrete group of conformal transformations.</BACKGROUND> <CONTRIBUTION>These solutions come from bifurcating branches of constant scalar curvature metrics on compact quotients of $S^m \setminus S^1\cong S^{m-2}\times H^2$.</CONTRIBUTION> </ABSTRACT>","This paper discovers many new “periodic” shapes on a sphere that grow very large along a circle. These shapes have the same curved surface everywhere except right on that circle, and they repeat under certain symmetry moves. The authors show how to build these shapes by following branching patterns from simpler spaces. Their work opens up a whole family of new examples for studying geometry on curved surfaces.",   
ARXIV_1406_0299.json,"<TASK> Summarize this abstract for high-school audience while highlight importance of contributions </TASK> <ABSTRACT> <BACKGROUND>The Larson–Sweedler theorem says that a finite-dimensional bialgebra with a faithful integral is a Hopf algebra [15].</BACKGROUND> <BACKGROUND>The result has been generalized to finite-dimensional weak Hopf algebras by Vecsernyés [44].</BACKGROUND> <CONTRIBUTION>In this paper, we show that the result is still true for weak multiplier Hopf algebras.</CONTRIBUTION> <BACKGROUND>The notion of a weak multiplier bialgebra was introduced by Böhm et al. in [4].</BACKGROUND> <CONTRIBUTION>In this note it is shown that a weak multiplier bialgebra with a regular and full coproduct is a regular weak multiplier Hopf algebra if there is a faithful set of integrals.</CONTRIBUTION> <BACKGROUND>Weak multiplier Hopf algebras are introduced and studied in [40].</BACKGROUND> <BACKGROUND>Integrals on (regular) weak multiplier Hopf algebras are treated in [43].</BACKGROUND> <BACKGROUND>This result is important for the development of the theory of locally compact quantum groupoids in the operator algebra setting, see [13] and [14].</BACKGROUND> <BACKGROUND>Our treatment of this material is motivated by the prospect of such a theory.</BACKGROUND> </ABSTRACT>","This paper shows that a well‐known mathematical rule—the Larson–Sweedler theorem—still holds true in a much more general setting called weak multiplier Hopf algebras. The authors prove two main results in one go. First, they extend the original rule so it works even when you replace the usual algebra systems with these “weak” versions. Second, they show that if these weak systems also meet a couple of extra math conditions, they automatically turn into the full Hopf algebras from the classic theorem. Together, these findings open the door to exploring many new structures for studying quantum symmetries, including advanced objects like locally compact quantum groupoids.",   
ARXIV_2206_15306.json,"<TASK> Summarize this abstract for high-school audience while highlight importance of contributions </TASK> <ABSTRACT> <BACKGROUND>Recent work on deep learning for tabular data demonstrates the strong performance of deep tabular models, often bridging the gap between gradient boosted decision trees and neural networks.</BACKGROUND> <BACKGROUND>Accuracy aside, a major advantage of neural models is that they learn reusable features and are easily fine-tuned in new domains.</BACKGROUND> <BACKGROUND>This property is often exploited in computer vision and natural language applications, where transfer learning is indispensable when task-specific training data is scarce.</BACKGROUND> <CONTRIBUTION>In this work, we demonstrate that upstream data gives tabular neural networks a decisive advantage over widely used GBDT models.</CONTRIBUTION> <CONTRIBUTION>We propose a realistic medical diagnosis benchmark for tabular transfer learning, and we present a how-to guide for using upstream data to boost performance with a variety of tabular neural network architectures.</CONTRIBUTION> <CONTRIBUTION>Finally, we propose a pseudo-feature method for cases where the upstream and downstream feature sets differ, a tabular-specific problem widespread in real-world applications.</CONTRIBUTION> <BACKGROUND>Our code is available at https://github.com/LevinRoman/tabular-transfer-learning .</BACKGROUND> </ABSTRACT>","This paper shows how neural networks can learn from one table of data and then help with a different one—a big deal when medical data is scarce. First, the authors create a realistic medical test to check how well this “transfer learning” works. Next, they give a simple, step-by-step guide for using these pre-trained table models in practice. Finally, they introduce a clever trick called “pseudo-features” that fills in missing or mismatched data fields. Together, these ideas make it much easier to use deep learning on real-world tables.",   
ARXIV_2309_00656.json,"<TASK> Summarize this abstract for high-school audience while highlight importance of contributions </TASK> <ABSTRACT> <BACKGROUND>We study how to learn ε-optimal strategies in zero-sum imperfect information games (IIG) with trajectory feedback.</BACKGROUND> <BACKGROUND>In this setting, players update their policies sequentially based on their observations over a fixed number of episodes, denoted by T.</BACKGROUND> <BACKGROUND>Existing procedures suffer from high variance due to the use of importance sampling over sequences of actions (Steinberger et al., 2020; McAleer et al., 2022).</BACKGROUND> <CONTRIBUTION>To reduce this variance, we consider a fixed sampling approach, where players still update their policies over time, but with observations obtained through a given fixed sampling policy.</CONTRIBUTION> <CONTRIBUTION>Our approach is based on an adaptive Online Mirror Descent (OMD) algorithm that applies OMD locally to each information set, using individually decreasing learning rates and a regularized loss.</CONTRIBUTION> <CONTRIBUTION>We show that this approach guarantees a convergence rate of Õ(T^{-1/2}) with high probability and has a near-optimal dependence on the game parameters when applied with the best theoretical choices of learning rates and sampling policies.</CONTRIBUTION> <CONTRIBUTION>To achieve these results, we generalize the notion of OMD stabilization, allowing for time-varying regularization with convex increments.</CONTRIBUTION> </ABSTRACT>","In simple terms, the authors show how to teach AI to play games where not all information is visible by always using the same way of collecting play examples and by updating each decision point with a clever adaptive algorithm called Online Mirror Descent. This new fixed sampling method cuts down the wild swings of older techniques and lets the AI learn quickly—improving at a rate of about one over the square root of the number of plays. They also add a smart twist that lets the AI adjust its own update rules over time, making its learning even more stable.",   
ARXIV_2411_06495.json,"<TASK> Summarize this abstract for high-school audience while highlight importance of contributions </TASK> <ABSTRACT> <BACKGROUND>Chiral quantum optics is a growing field of research in which light-matter interactions become asymmetrically dependent on momentum and spin, offering novel control over photonic and electronic degrees of freedom.</BACKGROUND> <BACKGROUND>Recently, the platforms for investigating chiral light-matter interactions have expanded from laser-cooled atoms and quantum dots to various solid-state systems, such as microcavity polaritons and two-dimensional layered materials, integrated into photonic structures such as waveguides, cavities, and ring resonators.</BACKGROUND> <CONTRIBUTION>In this Perspective, we begin by establishing the foundation for understanding and engineering these chiral light-matter regimes.</CONTRIBUTION> <CONTRIBUTION>We review the cutting-edge platforms that have enabled their successful realization in recent years, focusing on solid-state platforms, and discuss the most relevant experimental challenges to fully harness their potential.</CONTRIBUTION> <CONTRIBUTION>Finally, we explore the vast opportunities that these chiral light-matter interfaces present, particularly their ability to reveal exotic quantum many-body phenomena, such as chiral many-body superradiance and fractional quantum Hall physics.</CONTRIBUTION> </ABSTRACT>","Chiral quantum optics is about how light and tiny particles (like atoms) interact in a special one-way fashion based on the light’s twist or direction. This paper starts by explaining these basic ideas in simple terms. Next, it shows how to build real setups—using things like tiny chips and crystal waveguides—that force light to only push or pull in one direction. The authors then review the newest materials and devices that make these experiments possible in the lab. They also point out the main challenges, such as keeping these systems stable and loss-free. Finally, they highlight exciting future uses—like light beams that glow together in new ways or particles that move along controlled paths—which could lead to better sensors, communications, and even quantum computers.",   
ARXIV_1806_01393.json,"<TASK> Summarize this abstract for high-school audience while highlight importance of contributions </TASK> <ABSTRACT> <BACKGROUND>The deterministic (timing) behavior of real-time systems (RTS) can be used by adversaries—say, to launch side channel attacks or even destabilize the system by denying access to critical resources.</BACKGROUND> <CONTRIBUTION>We propose a protocol (named REORDER) to obfuscate this predictable timing behavior of RTS, especially ones designed using dynamic-priority scheduling algorithms (e.g., EDF).</CONTRIBUTION> <CONTRIBUTION>We also present a metric (named ""schedule entropy"") that measures the levels of obfuscation introduced into a given real-time system.</CONTRIBUTION> <CONTRIBUTION>The REORDER protocol was integrated into the standard Linux real-time scheduler and evaluated on a realistic embedded platform (Raspberry Pi) running the MiBench automotive benchmark workloads.</CONTRIBUTION> <CONTRIBUTION>We also demonstrate how designers of RTS can increase the security of their systems and also quantitatively measure the impact (both in terms of security and performance) of using this protocol.</CONTRIBUTION> </ABSTRACT>","This paper looks at real-time systems that run tasks in very predictable ways—something attackers can use to their advantage. The authors introduce a method called REORDER that scrambles the order and timing of tasks so they’re much harder to guess. They also define “schedule entropy”, a simple score that shows how well the scrambling hides the pattern. Finally, they test REORDER on a Raspberry Pi and prove it boosts security without slowing down performance.",   
ARXIV_hep_th_9806094.json,"<TASK> Summarize this abstract for high-school audience while highlight importance of contributions </TASK> <ABSTRACT> <BACKGROUND>We consider the compactification of the E8×E8 heterotic string on a K3 surface with “the spin connection embedded in the gauge group” and the dual picture in the type IIA string (or F-theory) on a Calabi–Yau threefold X.</BACKGROUND> <CONTRIBUTION>It turns out that the same X arises also as dual to a heterotic compactification on 24 point-like instantons.</CONTRIBUTION> <CONTRIBUTION>X is necessarily singular, and we see that this singularity allows the Ramond–Ramond moduli on X to split into distinct components, one containing the (dual of the heterotic) tangent bundle, while another component contains the point-like instantons.</CONTRIBUTION> <CONTRIBUTION>As a practical application we derive the result that a heterotic string compactified on the tangent bundle of a K3 with ADE singularities acquires nonperturbatively enhanced gauge symmetry in just the same fashion as a type IIA string on a singular K3 surface.</CONTRIBUTION> <CONTRIBUTION>On a more philosophical level we discuss how it appears to be natural to say that the heterotic string is compactified using an object in the derived category of coherent sheaves.</CONTRIBUTION> <CONTRIBUTION>This is necessary to properly extend the notion of T-duality to the heterotic string on a K3 surface.</CONTRIBUTION> </ABSTRACT>","This paper shows that two very different string-theory models actually share the same complex shape. The authors found that the sharp points (called singularities) of this shape split the theory’s settings into separate parts. They then wrap the strings around those sharp points in a new way, which produces stronger forces than before. Finally, they use a math tool called derived categories of sheaves to explain how these two string pictures fit together perfectly under the idea of duality.",   
ARXIV_2206_14964.json,"<TASK> Summarize this abstract for high-school audience while highlight importance of contributions </TASK> <ABSTRACT> <BACKGROUND>Audio-visual speech enhancement system is regarded as one of promising solutions for isolating and enhancing speech of desired speaker.</BACKGROUND> <BACKGROUND>Typical methods focus on predicting clean speech spectrum via a naive convolution neural network based encoder-decoder architecture, and these methods a) are not adequate to use data fully, b) are unable to effectively balance audio-visual features.</BACKGROUND> <CONTRIBUTION>The proposed model alleviates these drawbacks by a) applying a model that fuses audio and visual features layer by layer in encoding phase, and that feeds fused audio-visual features to each corresponding decoder layer, and more importantly, b) introducing a 2-stage multi-head cross attention (MHCA) mechanism to infer audio-visual speech enhancement for balancing the fused audio-visual features and eliminating irrelevant features.</CONTRIBUTION> <CONTRIBUTION>This paper proposes attentional audio-visual multi-layer feature fusion model, in which MHCA units are applied to feature mapping at every layer of decoder.</CONTRIBUTION> <CONTRIBUTION>The proposed model demonstrates the superior performance of the network against the state-of-the-art models.</CONTRIBUTION> </ABSTRACT>","In simple terms, this paper builds a new system that uses both what you hear and what you see to clean up a speaker’s voice in noisy situations. Their key contributions are a smart fusion of audio and video signals at each step and a brand-new two-stage multi-head attention mechanism that helps the model focus on the right bits and ignore irrelevant noise. Thanks to these innovations, their system outperforms previous methods, making speech enhancement more accurate and reliable.",   
ARXIV_2006_16259.json,"<TASK> Summarize this abstract for high-school audience while highlight importance of contributions </TASK> <ABSTRACT> <BACKGROUND>We present Adaptive Optics (AO) near infrared (NIR) observations using VLT/NACO and Keck/NIRC2 of ODISEA targets.</BACKGROUND> <BACKGROUND>ODISEA is an ALMA survey of the entire population of circumstellar discs in the Ophiuchus molecular cloud.</BACKGROUND> <BACKGROUND>From the whole sample of ODISEA we select all the discs that are not already observed in the NIR with AO and that are observable with NACO or NIRC2.</BACKGROUND> <BACKGROUND>The NIR-ODISEA survey consists of 147 stars observed in NIR AO imaging for the first time, as well as revisiting almost all the binary systems of Ophiuchus present in the literature (20 out of 21).</BACKGROUND> <CONTRIBUTION>In total, we detect 20 new binary systems and one triple system.</CONTRIBUTION> <BACKGROUND>For each of them we calculate the projected separation and position angle of the companion, as well as their NIR and millimeter flux ratios.</BACKGROUND> <CONTRIBUTION>From the NIR contrast we derived the masses of the secondaries, finding that 9 of them are in the sub-stellar regime (30–50 \MJup).</CONTRIBUTION> <CONTRIBUTION>Discs in multiple systems reach a maximum total dust mass of $\sim$ 50 M${\oplus}$, while discs in single stars can reach a dust mass of 200 M${\oplus}$. </CONTRIBUTION> <CONTRIBUTION>Discs with masses above 10 M$_{\oplus}$ are found only around binaries with projected separations larger than $\sim$ 110 au.</CONTRIBUTION> <CONTRIBUTION>The maximum disc size is also larger around single star than binaries.</CONTRIBUTION> <CONTRIBUTION>However, since most discs in Ophiuchus are very small and low-mass, the effect of visual binaries is relatively weak in the general disc population.</CONTRIBUTION> </ABSTRACT>","Scientists used infrared telescopes to study 147 young stars in the Ophiuchus cloud. They found 20 new binary star pairs and one triple system. By measuring the brightness of each star’s surrounding dust disk, they saw that single stars can have disks up to four times heavier and larger than those around close binary stars. They also found that only wide binary pairs can host heavier disks. This means having a nearby companion star tends to limit how big and heavy a planet-forming disk can grow, though in this cloud most disks are small and low-mass anyway.",   
ARXIV_2309_00703.json,"<TASK> Summarize this abstract for high-school audience while highlight importance of contributions </TASK> <ABSTRACT> <BACKGROUND>Since the derivation of a well-defined $D\rightarrow 4$ limit for 4D Einstein Gauss-Bonnet (4DEGB) gravity coupled to a scalar field, there has been interest in testing it as an alternative to Einstein’s general theory of relativity.</BACKGROUND> <CONTRIBUTION>Using the Tolman–Oppenheimer–Volkoff (TOV) equations modified for 4DEGB gravity, we model the stellar structure of quark stars using a novel interacting quark matter equation of state.</CONTRIBUTION><CONTRIBUTION>We find that increasing the Gauss–Bonnet coupling constant $\alpha$ or the interaction parameter $\lambda$ both tend to increase the mass–radius profiles of quark stars described by this theory, allowing a given central pressure to support larger quark stars in general.</CONTRIBUTION><CONTRIBUTION>These results logically extend to cases where $\lambda<0$, in which increasing the magnitude of the interaction effects instead diminishes masses and radii.</CONTRIBUTION><CONTRIBUTION>We also analytically identify a critical central pressure in both regimes, below which no quark star solutions exist due to the pressure function having no roots.</CONTRIBUTION><CONTRIBUTION>Most interestingly, we find that quark stars can exist below the general relativistic Buchdahl bound and Schwarzschild radius $R=2M$, due to the lack of a mass gap between black holes and compact stars in 4DEGB.</CONTRIBUTION><CONTRIBUTION>Even for small $\alpha$ well within current observational constraints, we find that quark star solutions in this theory can describe Extreme Compact Objects (ECOs), objects whose radii are smaller than what is allowed by general relativity.</CONTRIBUTION> </ABSTRACT>","Scientists made a new model to study quark stars, which are stars made entirely of quark matter. They combined Einstein’s gravity with an extra term and used a special equation to describe how quarks push and pull on each other. By changing two settings—one for the extra gravity effect and one for the quark interaction strength—they showed these stars can become much larger or much smaller. They also discovered there’s a minimum pressure at the star’s center needed to form a stable star. Finally, they proved these quark stars can be even more compact—having a smaller radius—than what regular relativity normally allows. This new theory could explain ultra‐compact objects that scientists couldn’t predict before.",   
ARXIV_math_0312443.json,"<TASK> Summarize this abstract for high-school audience while highlight importance of contributions </TASK> <ABSTRACT> <BACKGROUND>It is conjectured that there exist only finitely many isomorphism classes of endomorphism algebras of abelian varieties of bounded dimension over a number field of bounded degree.</BACKGROUND> <CONTRIBUTION>We explore this conjecture when restricted to quaternion endomorphism algebras of abelian surfaces of $\mathrm{GL}_2$-type over $\mathbb{Q}$ by giving a moduli interpretation which translates the question into the diophantine arithmetic of Shimura curves embedded in Hilbert surfaces.</CONTRIBUTION><CONTRIBUTION>We address the resulting problems on these curves by local and global methods, including Chabauty techniques on explicit equations of Shimura curves.</CONTRIBUTION> </ABSTRACT>","This paper studies a long-standing math question about special two-dimensional shapes called abelian surfaces and their related quaternion algebras over the rational numbers. The authors show that you can turn this tough question into finding points on simpler curves called Shimura curves, which lie inside larger surfaces. Next, they solve these curve problems by checking solutions both in simpler number systems (local methods) and across all rational numbers (global methods). Finally, they use a technique called Chabauty with explicit equations to pin down exactly which points exist. Altogether, these steps give a clear, step-by-step way to settle the original conjecture.",   
ARXIV_quant_ph_9607025.json,"<TASK> Summarize this abstract for high-school audience while highlight importance of contributions </TASK> <ABSTRACT> <BACKGROUND>In the first part (Sections 1 and 2) of this paper ––starting from the Pauli current, in the ordinary tensorial language–– we obtain the decomposition of the non-relativistic field velocity into two orthogonal parts: (i) the “classical” part, that is, the 3-velocity w = p/m of the center-of-mass (CM), and (ii) the so-called “quantum” part, that is, the 3-velocity V of the motion in the CM frame (namely, the internal “spin motion” or zitterbewegung).</BACKGROUND> <BACKGROUND>By inserting such a complete, composite expression of the velocity into the kinetic energy term of the non-relativistic classical (i.e., Newtonian) Lagrangian, we straightforwardly get the appearance of the so-called “quantum potential” associated, as it is known, with the Madelung fluid.</BACKGROUND><CONTRIBUTION>This result carries further evidence that the quantum behaviour of micro-systems can be a direct consequence of the fundamental existence of spin.</CONTRIBUTION><CONTRIBUTION>In the second part (Sections 3 and 4), we fix our attention on the total 3-velocity v = w + V, it being now necessary to pass to relativistic (classical) physics; and we show that the proper time entering the definition of the four-velocity v^μ for spinning particles has to be the proper time τ of the CM frame.</CONTRIBUTION><CONTRIBUTION>Inserting the correct Lorentz factor into the definition of v^μ leads to completely new kinematical properties for v_μ v^μ.</CONTRIBUTION><CONTRIBUTION>The important constraint p_μ v^μ = m, identically true for scalar particles, but just assumed a priori in all previous spinning particle theories, is herein derived in a self-consistent way.</CONTRIBUTION> </ABSTRACT>","This paper shows that the odd “quantum potential” effects in tiny particles come just from their spin, like a built-in twist. Next, the authors update Einstein’s relativity by choosing the right “clock” to track time for spinning particles. They find new rules for how these particles move when they go very fast. Finally, they work out the key physics formula 𝑝 ⋅ 𝑣 = 𝑚 (momentum times velocity equals mass) from the ground up instead of just taking it for granted.",   
ARXIV_gr_qc_9404011.json,"<TASK> Summarize this abstract for high-school audience while highlight importance of contributions </TASK> <ABSTRACT> <BACKGROUND>A cosmological scenario which explains the values of the parameters of the standard models of elementary particle physics and cosmology is discussed.</BACKGROUND> <BACKGROUND>In this scenario these parameters are set by a process analogous to natural selection which follows naturally from the assumption that the singularities in black holes are removed by quantum effects leading to the creation of new expanding regions of the universe.</BACKGROUND> <BACKGROUND>The suggestion of J. A. Wheeler that the parameters change randomly at such events leads naturally to the conjecture that the parameters have been selected for values that extremize the production of black holes.</BACKGROUND> <CONTRIBUTION>This leads directly to a prediction, which is that small changes in any of the parameters should lead to a decrease in the number of black holes produced by the universe.</CONTRIBUTION> <CONTRIBUTION>On plausible astrophysical assumptions it is found that changes in many of the parameters do lead to a decrease in the number of black holes produced by spiral galaxies.</CONTRIBUTION> <CONTRIBUTION>These include the masses of the proton, neutron, electron and neutrino and the weak, strong and electromagnetic coupling constants.</CONTRIBUTION> <CONTRIBUTION>Finally, this scenario predicts a natural time scale for cosmology equal to the time over which spiral galaxies maintain appreciable rates of star formation, which is compatible with current observations that $\Omega = .1-.2$.</CONTRIBUTION> </ABSTRACT>","This idea compares the universe’s constants—like particle masses and force strengths—to traits in natural selection. It predicts that even tiny changes to these values would lead to far fewer black holes. Using astrophysics, the authors show that tweaking things like the proton’s mass or the neutrino’s mass cuts down on black hole formation in spiral galaxies. This gives a simple way to test their idea: look at how many black holes form when constants stay the same. They also calculate how long active star formation should last and find it matches the observed matter density of about 10–20%. All of these points line up, making their “cosmic natural selection” scenario fit what we actually see in the universe.",   
ARXIV_2311_13004.json,"<TASK> Summarize this abstract for high-school audience while highlight importance of contributions </TASK> <ABSTRACT> <BACKGROUND>The common spatial pattern analysis (CSP) is a widely used signal processing technique in brain-computer interface (BCI) systems to increase the signal-to-noise ratio in electroencephalogram (EEG) recordings.</BACKGROUND> <BACKGROUND>Despite its popularity, the CSP's performance is often hindered by the nonstationarity and artifacts in EEG signals.</BACKGROUND> <BACKGROUND>The minmax CSP improves the robustness of the CSP by using data-driven covariance matrices to accommodate the uncertainties.</BACKGROUND> <CONTRIBUTION>We show that by utilizing the optimality conditions, the minmax CSP can be recast as an eigenvector-dependent nonlinear eigenvalue problem (NEPv).</CONTRIBUTION> <CONTRIBUTION>We introduce a self-consistent field (SCF) iteration with line search that solves the NEPv of the minmax CSP.</CONTRIBUTION> <CONTRIBUTION>Local quadratic convergence of the SCF for solving the NEPv is illustrated using synthetic datasets.</CONTRIBUTION> <CONTRIBUTION>More importantly, experiments with real-world EEG datasets show the improved motor imagery classification rates and shorter running time of the proposed SCF-based solver compared to the existing algorithm for the minmax CSP.</CONTRIBUTION> </ABSTRACT>","This paper looks at a way to read brain signals using EEG. The authors turned a complex signal-processing method into a simple math problem. Then they designed a fast algorithm to solve it and proved it always finds the right answer quickly. In tests with real brainwave recordings, their solver could tell what movement a person was imagining more accurately and faster than older methods. These improvements make brain-computer interfaces—systems that let you control devices with your thoughts—much more reliable and efficient.",   
ARXIV_2310_12380.json,"<TASK> Summarize this abstract for high-school audience while highlight importance of contributions </TASK> <ABSTRACT> <BACKGROUND>Much of the exoplanet discovery efforts over the next several years are largely tasked with finding candidates for the upcoming Ariel mission.</BACKGROUND> <BACKGROUND>This is a role that TESS is well-suited for.</BACKGROUND> <BACKGROUND>Radial velocity follow-up is needed to confirm the planetary nature of these systems, as many of its planet candidates turn out to be eclipsing binary systems with small stellar secondaries.</BACKGROUND> <BACKGROUND>Focused Doppler follow-up to obtain these radial velocities is expensive.</BACKGROUND> <BACKGROUND>The Gaia mission's radial velocity measurements on its target stars are not adequately precise for a general search for orbiting planetary companions.</BACKGROUND> <BACKGROUND>While the RV data has yielded thousands of spectroscopic binary systems, only an extreme minority of these reach into the planetary-mass regime.</BACKGROUND> <BACKGROUND>Nonetheless, they do detect eclipsing binary systems that can masquerade as transiting hot Jupiters.</BACKGROUND> <CONTRIBUTION>In this work, we compare the Gaia DR3 Non-Single Stars catalogue to the current planet candidate list from TESS and determine several of these candidate planetary systems are actually eclipsing binaries.</CONTRIBUTION> <CONTRIBUTION>We find $\sim130$ eclipsing binaries among the TOI and EPIC lists that do not appear to be in the literature, including the previously statistically validated planet K2-256 b.</CONTRIBUTION> <CONTRIBUTION>This work illustrates the usefulness of \textit{Gaia} to exoplanet validation efforts and will help guide follow-up efforts for discovering new transiting planets for the Ariel mission by avoiding misdirecting valuable telescope time.</CONTRIBUTION> </ABSTRACT>","This paper shows how astronomers matched planet candidates from NASA’s TESS telescope with ESA’s Gaia data on stars. They found about 130 “planets” are actually two stars eclipsing each other, not real planets. One of these false alarms was K2-256 b, which people had already thought was a planet. By checking Gaia’s catalog first, scientists can save telescope time and focus on genuine planets—especially those planned for the upcoming Ariel mission.",   
ARXIV_2208_12403.json,"<TASK> Summarize this abstract for high-school audience while highlight importance of contributions </TASK> <ABSTRACT> <BACKGROUND> Simulation is the key to scaling up validation and verification for robotic systems such as autonomous vehicles.</BACKGROUND> <BACKGROUND> Despite advances in high-fidelity physics and sensor simulation, a critical gap remains in simulating realistic behaviors of road users.</BACKGROUND> <BACKGROUND> This is because devising first principle models for human-like behaviors is generally infeasible.</BACKGROUND> <CONTRIBUTION> In this work, we take a data-driven approach to generate traffic behaviors from real-world driving logs.</CONTRIBUTION> <CONTRIBUTION> The method achieves high sample efficiency and behavior diversity by exploiting the bi-level hierarchy of high-level intent inference and low-level driving behavior imitation.</CONTRIBUTION> <CONTRIBUTION> The method also incorporates a planning module to obtain stable long-horizon behaviors.</CONTRIBUTION> <CONTRIBUTION> We empirically validate our method with scenarios from two large-scale driving datasets and show our method achieves balanced traffic simulation performance in realism, diversity, and long-horizon stability.</CONTRIBUTION> <CONTRIBUTION> We also explore ways to evaluate behavior realism and introduce a suite of evaluation metrics for traffic simulation.</CONTRIBUTION> <CONTRIBUTION> Finally, as part of our core contributions, we develop and open source a software tool that unifies data formats across different driving datasets and converts scenes from existing datasets into interactive simulation environments.</CONTRIBUTION> <BACKGROUND> For video results and code release, see https://bit.ly/3L9uzj3.</BACKGROUND> </ABSTRACT>","Most traffic simulators use made-up rules that don’t match how people really drive. This paper introduces a new system that learns directly from real driving data. First, it figures out each driver’s next move, like turning or changing lanes. Then it copies how people drive and adds a simple planning step so cars move smoothly over time. The authors created tests to check that this fake traffic looks realistic and has plenty of variety. They also released a free tool that turns any driving data into a hands-on traffic simulation anyone can try.",   
ARXIV_1807_01978.json,"<TASK> Summarize this abstract for high-school audience while highlight importance of contributions </TASK> <ABSTRACT> <BACKGROUND>We study the relation between the metallicity of quasar broad line region (BLR) and black hole (BH) mass ($10^{7.5}M_{\odot} \sim 10^{10}M_{\odot}$) and quasar bolometric luminosity ($10^{44.6}erg/s \sim 10^{48} erg/s$) using a sample of $\sim$130,000 quasars at $2.25\leq z\leq 5.25$ from Sloan Digital Sky Survey (SDSS) Data Release 12 (DR12).</BACKGROUND> <BACKGROUND>We generate composite spectra by stacking individual spectra in the same BH mass (bolometric luminosity) and redshift bins and then estimate the metallicity of quasar BLR using metallicity-sensitive broad emission-line flux ratios based on the photoionization models.</BACKGROUND><CONTRIBUTION>We find a significant correlation between quasar BLR metallicity and BH mass (bolometric luminosity) but no correlation between quasar BLR metallicity and redshift.</CONTRIBUTION> <BACKGROUND>We also compare the metallicity of quasar BLR and that of host galaxies inferred from the mass-metallicity relation of star-forming galaxy at $z\sim2.3$ and $z\sim3.5$.</BACKGROUND><CONTRIBUTION>We find quasar BLR metallicity is 0.3 $\sim$ 1.0 dex higher than their host galaxies.</CONTRIBUTION><CONTRIBUTION>This discrepancy cannot be interpreted by the uncertainty due to different metallicity diagnostic methods, mass-metallicity relation of galaxy, metallicity gradient in quasar host galaxies, BH mass estimation, the effect of different spectral energy distribution (SED) models, and a few other potential sources of uncertainties.</CONTRIBUTION><CONTRIBUTION>We propose a possibility that the high metallicity in quasar BLR might be caused by metal enrichment from massive star formation in the nucleus region of quasars or even the accretion disk.</CONTRIBUTION> </ABSTRACT>","Quasars with bigger black holes or brighter light have more metals in their surrounding gas clouds, and this metal richness stays the same no matter how far away the quasars are. The gas right near these quasars is about two to ten times richer in metals than the galaxies that host them. The researchers checked their methods carefully to make sure these results weren’t just measurement errors. They think that bursts of massive star formation—either very close to the black hole or in the disk of material falling into it—could explain why these regions are so full of metals.",   
ARXIV_2407_02876.json,"<TASK> Summarize this abstract for high-school audience while highlight importance of contributions </TASK> <ABSTRACT> <BACKGROUND>Mobile robots, becoming increasingly autonomous, are capable of operating in diverse and unknown environments.</BACKGROUND> <BACKGROUND>This flexibility allows them to fulfill goals independently and adapting their actions dynamically without rigidly predefined control codes.</BACKGROUND> <BACKGROUND>However, their autonomous behavior complicates guaranteeing safety and reliability due to the limited influence of a human operator to accurately supervise and verify each robot's actions.</BACKGROUND> <BACKGROUND>To ensure autonomous mobile robot's safety and reliability, which are aspects of dependability, methods are needed both in the planning and execution of missions for autonomous mobile robots.</BACKGROUND> <CONTRIBUTION>In this article, a twofold approach is presented that ensures fault removal in the context of mission planning and fault prevention during mission execution for autonomous mobile robots.</CONTRIBUTION> <CONTRIBUTION>First, the approach consists of a concept based on formal verification applied during the planning phase of missions.</CONTRIBUTION> <CONTRIBUTION>Second, the approach consists of a rule-based concept applied during mission execution.</CONTRIBUTION> <CONTRIBUTION>A use case applying the approach is presented, discussing how the two concepts complement each other and what contribution they make to certain aspects of dependability.</CONTRIBUTION> </ABSTRACT>","Autonomous robots can explore on their own, but it’s hard to keep them safe when no one can watch every step. This paper introduces two new ideas to solve this. First, it uses a mathematical check on the robot’s mission plan before it starts to catch any mistakes early. Second, it adds a simple rule-based system that watches the robot during its mission and stops things if something goes wrong. Together, these methods find errors before they happen and prevent problems in real time, making self-driving robots much more reliable.",   
ARXIV_2412_18738.json,"<TASK> Summarize this abstract for high-school audience while highlight importance of contributions </TASK> <ABSTRACT> <BACKGROUND>Creating fully annotated labels for medical image segmentation is prohibitively time-intensive and costly, emphasizing the necessity for innovative approaches that minimize reliance on detailed annotations.</BACKGROUND> <BACKGROUND>Scribble annotations offer a more cost-effective alternative, significantly reducing the expenses associated with full annotations.</BACKGROUND> <BACKGROUND>However, scribble annotations offer limited and imprecise information, failing to capture the detailed structural and boundary characteristics necessary for accurate organ delineation.</BACKGROUND> <CONTRIBUTION>To address these challenges, we propose HELPNet, a novel scribble-based weakly supervised segmentation framework, designed to bridge the gap between annotation efficiency and segmentation performance.</CONTRIBUTION> <CONTRIBUTION>HELPNet integrates three modules.</CONTRIBUTION> <CONTRIBUTION>The Hierarchical perturbations consistency (HPC) module enhances feature learning by employing density-controlled jigsaw perturbations across global, local, and focal views, enabling robust modeling of multi-scale structural representations.</CONTRIBUTION> <CONTRIBUTION>Building on this, the Entropy-guided pseudo-label (EGPL) module evaluates the confidence of segmentation predictions using entropy, generating high-quality pseudo-labels.</CONTRIBUTION> <CONTRIBUTION>Finally, the structural prior refinement (SPR) module incorporates connectivity and bounded priors to enhance the precision and reliability and pseudo-labels.</CONTRIBUTION> <CONTRIBUTION>Experimental results on three public datasets ACDC, MSCMRseg, and CHAOS show that HELPNet significantly outperforms state-of-the-art methods for scribble-based weakly supervised segmentation and achieves performance comparable to fully supervised methods.</CONTRIBUTION> <BACKGROUND>The code is available at https://github.com/IPMI-NWU/HELPNet.</BACKGROUND> </ABSTRACT>","HELPNet is a new computer program that learns to spot important regions in medical images using quick scribble marks instead of detailed outlines. This makes training the program much faster and cheaper. It uses three main ideas. First, it mixes small and large patches of the image so it can learn both fine details and overall shapes. Second, it scores its own guesses with a measure called entropy to pick the most reliable “fake” labels when real ones aren’t available. Third, it uses simple rules about how regions stay connected and where their edges should be to clean up its predictions. In tests on public medical image collections, HELPNet beat other weakly supervised methods and performed just as well as models trained with full outlines.",   
ARXIV_2205_01359.json,"<TASK> Summarize this abstract for high-school audience while highlight importance of contributions </TASK> <ABSTRACT> <CONTRIBUTION>We prove a so-called linking theorem and some of its corollaries, namely a mountain pass theorem and a three critical points theorem for Keller $ C^1$-functional on $ C^1 $- Frechet manifolds.</CONTRIBUTION> <BACKGROUND>Our approach relies on a deformation result which is not implemented by considering the negative pseudo-gradient flows.</BACKGROUND><CONTRIBUTION>Furthermore, for mappings between Frechet manifolds we provide a set of sufficient conditions in terms of the Palais–Smale condition that indicates when a local diffeomorphism is a global one.</CONTRIBUTION> </ABSTRACT>","This paper proves three big results about finding special points in extremely complex spaces—think of these spaces as giant collections of functions. First, it shows a “linking” method that connects different parts of the space to find a solution. Second, it uses a “mountain pass” idea, imagining you find the lowest high point on a mountain ridge to locate a special point. Third, it guarantees at least three such points exist under certain conditions. Instead of the usual “flow downhill” approach, the authors introduce a fresh way to gently deform the space to reveal these points. They also give clear rules for when a smooth transformation in these spaces can be undone. Together, these tools make it much easier for mathematicians to prove that solutions exist for very hard problems in advanced geometry and analysis.",   
ARXIV_0811_0121.json,"<TASK> Summarize this abstract for high-school audience while highlight importance of contributions </TASK> <ABSTRACT> <BACKGROUND>Spectral kernel methods are techniques for mapping data into a coordinate system that efficiently reveals the geometric structure—in particular, the “connectivity”—of the data.</BACKGROUND> <BACKGROUND>These methods depend on tuning parameters.</BACKGROUND><CONTRIBUTION>We analyze the dependence of the method on these tuning parameters.</CONTRIBUTION><CONTRIBUTION>We focus on one particular technique—diffusion maps—but our analysis can be used for other spectral methods as well.</CONTRIBUTION><CONTRIBUTION>We identify the key population quantities, we define an appropriate risk function for analyzing the estimators, and we explain how these methods relate to classical kernel smoothing.</CONTRIBUTION><CONTRIBUTION>We also show that, in some cases, fast rates of convergence are possible even in high dimensions.</CONTRIBUTION> <BACKGROUND>The Appendix of the article is available online as supplementary materials.</BACKGROUND> </ABSTRACT>","This paper studies special tools called spectral kernel methods that help find hidden patterns in data by turning it into a new form. The authors focus on one method called diffusion maps but also explain how their ideas work for other similar techniques. They introduce two new ways to check how well these methods work—a set of “population quantities” and a “risk function”—and show how these relate to older ideas in smoothing data. Finally, they prove that, with the right settings, these methods can learn patterns very quickly, even when the data has lots of features.",   
ARXIV_2306_06290.json,"<TASK> Summarize this abstract for high-school audience while highlight importance of contributions </TASK> <ABSTRACT> <CONTRIBUTION>In this expository paper, we provide the readers with an overview of Dennis Sullivan’s major contributions to the area of Dynamical Systems.</CONTRIBUTION> </ABSTRACT>",Dennis Sullivan was a mathematician who found new ways to study how things change over time. He showed that simple rules can lead to chaotic behavior and created tools to analyze that chaos. He also explained why fractals—those endlessly detailed shapes—have repeating patterns. This article brings together all of Sullivan’s discoveries so students can see how his work helps predict the behavior of complicated systems.,   
ARXIV_2312_08985.json,"<TASK> Summarize this abstract for high-school audience while highlight importance of contributions </TASK> <ABSTRACT> <BACKGROUND>We have recently seen tremendous progress in realistic text-to-motion generation.</BACKGROUND> <BACKGROUND>Yet, the existing methods often fail or produce implausible motions with unseen text inputs, which limits the applications.</BACKGROUND><CONTRIBUTION>In this paper, we present OMG, a novel framework, which enables compelling motion generation from zero-shot open-vocabulary text prompts.</CONTRIBUTION><CONTRIBUTION>Our key idea is to carefully tailor the pretrain-then-finetune paradigm into the text-to-motion generation.</CONTRIBUTION><CONTRIBUTION>At the pre-training stage, our model improves the generation ability by learning the rich out-of-domain inherent motion traits.</CONTRIBUTION><CONTRIBUTION>To this end, we scale up a large unconditional diffusion model up to 1B parameters, so as to utilize the massive unlabeled motion data up to over 20M motion instances.</CONTRIBUTION><CONTRIBUTION>At the subsequent fine-tuning stage, we introduce motion ControlNet, which incorporates text prompts as conditioning information, through a trainable copy of the pre-trained model and the proposed novel Mixture-of-Controllers (MoC) block.</CONTRIBUTION><CONTRIBUTION>MoC block adaptively recognizes various ranges of the sub-motions with a cross-attention mechanism and processes them separately with the text-token-specific experts.</CONTRIBUTION><CONTRIBUTION>Such a design effectively aligns the CLIP token embeddings of text prompts to various ranges of compact and expressive motion features.</CONTRIBUTION><CONTRIBUTION>Extensive experiments demonstrate that our OMG achieves significant improvements over the state-of-the-art methods on zero-shot text-to-motion generation.</CONTRIBUTION><BACKGROUND>Project page: https://tr3e.github.io/omg-page.</BACKGROUND> </ABSTRACT>","OMG is a new computer system that turns any text description into realistic human movement. It works in two steps. First, it learns general motion patterns from more than 20 million examples using a powerful diffusion model. Then it fine-tunes those motions with a special controller that links each word in the text to specific parts of the movement. In tests, OMG produced human motions that were much more lifelike and varied than older methods.",   
ARXIV_2405_10606.json,"<TASK> Summarize this abstract for high-school audience while highlight importance of contributions </TASK> <ABSTRACT> <BACKGROUND>In the evolution towards the forthcoming era of sixth-generation (6G) mobile communication systems characterized by ubiquitous intelligence, integrated sensing and communication (ISAC) is in a phase of burgeoning development.</BACKGROUND> <BACKGROUND>However, the capabilities of communication and sensing within single frequency band fall short of meeting the escalating demands.</BACKGROUND> <CONTRIBUTION>To this end, this paper introduces a carrier aggregation (CA)-enabled multi-input multi-output orthogonal frequency division multiplexing (MIMO-OFDM) ISAC system fusing the sensing data on high and low-frequency bands by symbol-level fusion for ultimate communication experience and high-accuracy sensing.</CONTRIBUTION> <BACKGROUND>The challenges in sensing signal processing introduced by CA include the initial phase misalignment of the echo signals on high and low-frequency bands due to attenuation and radar cross section, and the fusion of the sensing data on high and low-frequency bands with different physical-layer parameters.</BACKGROUND> <BACKGROUND>To this end, the sensing signal processing is decomposed into two stages.</BACKGROUND> <CONTRIBUTION>In the first stage, the problem of initial phase misalignment of the echo signals on high and low-frequency bands is solved by the angle compensation, spatial filtering and cyclic cross-correlation operations.</CONTRIBUTION> <CONTRIBUTION>In the second stage, this paper realizes symbol-level fusion of the sensing data on high and low-frequency bands through sensing vector rearrangement and cyclic prefix adjustment operations, thereby obtaining high-precision sensing performance.</CONTRIBUTION> <CONTRIBUTION>Then, the closed-form communication mutual information (MI) and sensing Cram'er-Rao lower bound (CRLB) for the proposed ISAC system are derived to explore the theoretical performance bound with CA.</CONTRIBUTION> <CONTRIBUTION>Simulation results validate the feasibility and superiority of the proposed ISAC system.</CONTRIBUTION> </ABSTRACT>","As 6G wireless networks evolve, we need new tricks to make them faster and smarter. This paper shows how to use both high-pitched and low-pitched radio waves together. First, it fixes out-of-sync echoes by lining up the signals with angle tweaks and pattern matching. Next, it merges this cleaned-up data so devices can send messages faster and “see” their surroundings more clearly. The researchers also work out the ultimate speed and sensing limits of their approach. Finally, computer tests prove their mixed-band method beats older systems that only used one frequency.",   
ARXIV_physics_0512011.json,"<TASK> Summarize this abstract for high-school audience while highlight importance of contributions </TASK> <ABSTRACT> <BACKGROUND>The scale-free (SF) structures that commonly appear in many complex networks are a hot topic in social, biological, and information sciences.</BACKGROUND> <BACKGROUND>These self-organized generation mechanisms are expected to be useful for efficient communication or robust connectivity in socio-technological infrastructures.</BACKGROUND> <CONTRIBUTION>This paper is the first review of geographical SF network models.</CONTRIBUTION> <CONTRIBUTION>We discuss the essential generation mechanisms for inducing the structures with power-law behavior, and consider the properties of planarity and link length.</CONTRIBUTION> <BACKGROUND>Distributed design of geographical SF networks without the crossing and long-range links that cause interference and dissipation problems is very important for many applications such as communications, power grids, and sensor systems.</BACKGROUND> </ABSTRACT>","This work studies networks where a few spots (called nodes) have many connections while most have only a few. The authors show that geography—where those nodes sit on a map—matters a lot. They introduce simple rules that let some nodes become hubs but keep all links short and prevent lines from crossing. They explain how these networks grow over time and how features like planarity (no overlaps) and link length affect how well the network works. Finally, they show how engineers can use these ideas to build reliable systems—like internet links, power grids, or sensor arrays—that stay strong and avoid interference.",   
ARXIV_1604_05722.json,"<TASK> Summarize this abstract for high-school audience while highlight importance of contributions </TASK> <ABSTRACT> <BACKGROUND>The eclipses of certain types of binary millisecond pulsars (i.e. ‘black widows’ and ‘redbacks’) are often studied using high-time-resolution, ‘beamformed’ radio observations.</BACKGROUND> <BACKGROUND>However, they may also be detected in images generated from interferometric data.</BACKGROUND> <CONTRIBUTION>As part of a larger imaging project to characterize the variable and transient sky at radio frequencies $<200,\mathrm{MHz}$, we have blindly detected the redback system PSR~J2215+5135 as a variable source of interest with the Low-Frequency Array (LOFAR).</CONTRIBUTION> <CONTRIBUTION>Using observations with cadences of two weeks--six months, we find preliminary evidence that the eclipse duration is frequency dependent ($\propto\nu^{-0.4}$), such that the pulsar is eclipsed for longer at lower frequencies, in broad agreement with beamformed studies of other similar sources.</CONTRIBUTION> <CONTRIBUTION>Furthermore, the detection of the eclipses in imaging data suggests an eclipsing medium that absorbs the pulsed emission, rather than scattering it.</CONTRIBUTION> <CONTRIBUTION>Our study is also a demonstration of the prospects of finding pulsars in wide-field imaging surveys with the current generation of low-frequency radio telescopes.</CONTRIBUTION> </ABSTRACT>","Pulsars are spinning neutron stars that send out regular radio pulses. Instead of using special narrow scans, these scientists used LOFAR—a radio telescope that takes wide‐field sky images—to spot the pulsar PSR J2215+5135. They found that when the pulsar is eclipsed (its signal disappears), the eclipse lasts longer at lower radio frequencies in a simple pattern: lower frequency means a longer eclipse. By watching exactly when the pulses vanished, they showed the radio waves are absorbed by the blocking material, not just scattered away. This work proves that using wide‐field, low‐frequency images is a powerful new way to find and study pulsars.",   
ARXIV_1506_06787.json,<TASK> Summarize this abstract for high-school audience while highlight importance of contributions </TASK> <ABSTRACT> <BACKGROUND>In a recent paper the authors studied numerically the hydrogen ground state in stochastic electrodynamics (SED) within the non-relativistic approximation.</BACKGROUND> <BACKGROUND>In quantum theory the leading non-relativistic corrections to the ground state energy dominate the Lamb shift related to the photon cloud that should cause the quantum-like behaviour of SED.</BACKGROUND> <CONTRIBUTION>The present work takes these corrections into account in the numerical modelling.</CONTRIBUTION> <CONTRIBUTION>It is found that they have little effect; the self-ionisation that occurs without them remains present.</CONTRIBUTION> <CONTRIBUTION>It is speculated that the point-charge approximation for the electron is the cause of the failure.</CONTRIBUTION> </ABSTRACT>,"Scientists built a computer model of the hydrogen atom and added energy corrections from relativity and quantum theory. But in the simulation, the atom still loses its electron—something that doesn’t happen for a real hydrogen atom. The team thinks this happens because they treat the electron as a tiny point with no size. This finding shows that simply adding standard energy corrections isn’t enough. To get a stable atom in the model, they need a more realistic way to describe the electron.",   
ARXIV_1701_08923.json,"<TASK> Summarize this abstract for high-school audience while highlight importance of contributions </TASK> <ABSTRACT> <BACKGROUND>Estimates of population size for hidden and hard-to-reach individuals are of particular interest to health officials when health problems are concentrated in such populations.</BACKGROUND> <BACKGROUND>Efforts to derive these estimates are often frustrated by a range of factors including social stigma or an association with illegal activities that ordinarily preclude conventional survey strategies.</BACKGROUND> <CONTRIBUTION>This paper builds on and extends prior work that proposed a method to meet these challenges.</CONTRIBUTION> <CONTRIBUTION>Here we describe a rigorous formalization of a one-step, network-based population estimation procedure that can be employed under conditions of anonymity.</CONTRIBUTION> <CONTRIBUTION>The estimation procedure is designed to be implemented alongside currently accepted strategies for research with hidden populations.</CONTRIBUTION> <CONTRIBUTION>Simulation experiments are described that test the efficacy of the method across a range of implementation conditions and hidden population sizes.</CONTRIBUTION> <CONTRIBUTION>The results of these experiments show that reliable population estimates can be derived for hidden, networked population as large as 12,500 and perhaps larger for one family of random graphs.</CONTRIBUTION> <CONTRIBUTION>As such, the method shows potential for cost-effective implementation health and disease surveillance officials concerned with hidden populations.</CONTRIBUTION> <BACKGROUND>Limitations and future work are discussed in the concluding section.</BACKGROUND> </ABSTRACT>","Researchers found a way to count people in hidden groups—like those at risk for a disease—without asking for anyone’s name. You only need one simple question: “How many people do you know in that group?” This fits right into the surveys scientists already use. In computer tests, it gave accurate counts for groups as big as about 12,500 people. Because it never asks for names but still works well, it’s cheap and easy to run. Now researchers have a private, reliable tool to study health issues in communities that are hard to reach.",   
ARXIV_2003_08955.json,"<TASK> Summarize this abstract for high-school audience while highlight importance of contributions </TASK> <ABSTRACT> <BACKGROUND>A spacelike surface with cylinder topology can be described by various sets of canonical variables within pure AdS3 gravity.</BACKGROUND> <BACKGROUND>Each is made of one real coordinate and one real momentum.</BACKGROUND> <CONTRIBUTION>The Hamiltonian can be either H = 0 or it can be nonzero and we display the canonical transformations that map one into the other, in two relevant cases.</CONTRIBUTION> <BACKGROUND>In a choice of canonical coordinates, one of them is the cylinder aspect q, which evolves nontrivially in time.</BACKGROUND> <BACKGROUND>The time dependence of the aspect is an analytic function of time t and an “angular momentum” J.</BACKGROUND> <CONTRIBUTION>By analytic continuation in both t and J we obtain a Euclidean evolution that can be described geometrically as the motion of a cylinder inside the region of the 3D hyperbolic space bounded by two “domes” (i.e. half spheres), which is topologically a solid torus.</CONTRIBUTION> <CONTRIBUTION>We find that for a given J the Euclidean evolution cannot connect an initial aspect to an arbitrary final aspect; moreover, there are infinitely many Euclidean trajectories that connect any two allowed initial and final aspects.</CONTRIBUTION> <CONTRIBUTION>We compute the transition amplitude in two independent ways; first by solving exactly the time-dependent Schrödinger equation, then by summing in a sensible way all the saddle contributions, and we discuss why both approaches are mutually consistent.</CONTRIBUTION> </ABSTRACT>","This paper studies a doughnut-shaped surface floating in curved space. The authors show two different ways to describe this shape and how to switch between them. They use a math trick to find out which starting and ending shapes can connect—and it turns out each allowed pair can change in infinitely many ways. Finally, they work out how likely each shape change is in two ways: by solving a basic physics equation and by looking at key “saddle” shapes in the geometry. Both approaches agree, so their result is solid.",   
ARXIV_1312_2979.json,"<TASK> Summarize this abstract for high-school audience while highlight importance of contributions </TASK> <ABSTRACT> <BACKGROUND>It is known that spectral networks naturally induce certain coordinate systems on moduli spaces of flat SL(K)-connections on surfaces, previously studied by Fock and Goncharov.</BACKGROUND> <CONTRIBUTION>We give a self-contained account of this story in the case K = 2 and explain how it can be extended to incorporate the complexified Fenchel–Nielsen coordinates.</CONTRIBUTION> <BACKGROUND>As we review, the key ingredient in the story is a procedure for passing between moduli of flat SL(2)-connections on C (equipped with a little extra structure) and moduli of equivariant GL(1)-connections over a covering Σ→C; taking holonomies of the equivariant GL(1)-connections then gives the desired coordinate systems on moduli of SL(2)-connections.</BACKGROUND> <BACKGROUND>There are two special types of spectral network, related to ideal triangulations and pants decompositions of C; these two types of network lead to Fock–Goncharov and complexified Fenchel–Nielsen coordinate systems, respectively.</BACKGROUND> </ABSTRACT>","This paper shows how to use something called spectral networks to create special coordinate systems on surfaces. First, it covers the simplest example, then it explains a more advanced version called complexified Fenchel–Nielsen coordinates. The authors make it easy by showing how to switch between two ways of describing a surface’s twists and turns—one with small matrices and one with number labels on a covering space. Finally, they look at two main types of spectral networks: one made by breaking the surface into triangles and another by cutting it into three-holed pieces. Each type gives its own helpful coordinate system for studying the shape.",   
ARXIV_2312_06160.json,"<TASK> Summarize this abstract for high-school audience while highlight importance of contributions </TASK> <ABSTRACT> <BACKGROUND>Let X be a toric Calabi–Yau 3-fold and let $L\subset X$ be an Aganagic-Vafa outer brane.</BACKGROUND> <CONTRIBUTION>We prove two versions of open WDVV equations for the open Gromov–Witten theory of $(X,L)$.</CONTRIBUTION> <CONTRIBUTION>The first version of the open WDVV equation leads to the construction of a semi-simple (formal) Frobenius manifold, and the second version leads to the construction of a flat (formal) F-manifold.</CONTRIBUTION> </ABSTRACT>","This paper introduces two new equations (called the open WDVV equations) that explain how certain 3D shapes with a special outer layer (a “brane”) behave. From these equations, the authors build two helpful tools—one they call a Frobenius manifold and the other a flat F-manifold. These tools act like machines that quickly count and study important numbers (open Gromov–Witten invariants), which tell us how many ways curves can fit inside those shapes.",   
ARXIV_1103_0698.json,"<TASK> Summarize this abstract for high-school audience while highlight importance of contributions </TASK> <ABSTRACT> <CONTRIBUTION>We prove the existence of positive solutions with optimal local regularity to homogeneous elliptic equations of Schr""{o}dinger type, under only a form boundedness assumption on $\sigma\in D'(\Omega)$ and an ellipticity assumption on $\mathcal{A}\in L^\infty(\Omega)^{n\times n}$, for an arbitrary open set $\Omega\subseteq\mathbf{R}^n$.</CONTRIBUTION> <CONTRIBUTION>We demonstrate that there is a two way correspondence between the form boundedness and the existence of positive solutions to this equation, as well as weak solutions to certain elliptic equations with quadratic nonlinearity in the gradient.</CONTRIBUTION> <CONTRIBUTION>As a consequence, we obtain necessary and sufficient conditions for both the form‐boundedness (with a sharp upper form bound) and the positivity of the quadratic form of the Schr""{o}dinger type operator with arbitrary distributional potential $\sigma\in D'(\Omega)$, and give examples clarifying the relationship between these two properties.</CONTRIBUTION> </ABSTRACT>","This paper looks at a wide range of equations—like the ones used in quantum physics—and shows that you can always find solutions that stay positive and are very smooth if a certain simple condition on the “potential” part of the equation holds. The authors prove that this condition is not just useful but exactly what you need to get those nice solutions. They also show how the same requirement guarantees the related energy stays positive. To make everything clear, they include easy examples that demonstrate how the smooth solutions and the potential condition go hand in hand.",   
ARXIV_2110_06962.json,"<TASK> Summarize this abstract for high-school audience while highlight importance of contributions </TASK> <ABSTRACT> <BACKGROUND>Since late 2019, COVID-19 has quickly emerged as the newest biomedical domain, resulting in a surge of new information.</BACKGROUND> <BACKGROUND>As with other emergent domains, the discussion surrounding the topic has been rapidly changing, leading to the spread of misinformation.</BACKGROUND> <BACKGROUND>This has created the need for a public space for users to ask questions and receive credible, scientific answers.</BACKGROUND> <BACKGROUND>To fulfill this need, we turn to the task of open-domain question-answering, which we can use to efficiently find answers to free-text questions from a large set of documents.</BACKGROUND> <CONTRIBUTION>In this work, we present such a system for the emergent domain of COVID-19.</CONTRIBUTION> <CONTRIBUTION>Despite the small data size available, we are able to successfully train the system to retrieve answers from a large-scale corpus of published COVID-19 scientific papers.</CONTRIBUTION> <CONTRIBUTION>Furthermore, we incorporate effective re-ranking and question-answering techniques, such as document diversity and multiple answer spans.</CONTRIBUTION> <CONTRIBUTION>Our open-domain question-answering system can further act as a model for the quick development of similar systems that can be adapted and modified for other developing emergent domains.</CONTRIBUTION> </ABSTRACT>","We built a system that can answer questions by searching through many COVID-19 research papers, even though we started with very little data. First, it picks the most relevant documents and then re-ranks them to favor the best matches. Next, it makes sure the selected papers cover different viewpoints instead of repeating the same info. Finally, it finds several spots in those papers where the answer appears, so it’s more likely to be right. This setup is easy to adapt to new topics, letting anyone get fast, trustworthy scientific answers as new research comes out.",   
ARXIV_0910_4664.json,"<TASK> Summarize this abstract for high-school audience while highlight importance of contributions </TASK> <ABSTRACT> <BACKGROUND>Chandrasekaran, Chertkov, Gamarnik, Shah, and Shin recently proved that the average number of independent sets of random regular graphs of size n and degree 3 approaches w^n for large n, where w is approximately 1.54563, consistent with the Bethe approximation.</BACKGROUND> <BACKGROUND>They also made the surprising conjecture that the fluctuations of the logarithm of the number of independent sets were only O(1) as n grew large, which would mean that the Bethe approximation is amazingly accurate for all 3-regular graphs.</BACKGROUND><CONTRIBUTION>Here, I provide numerical evidence supporting this conjecture obtained from exact counts of independent sets using binary decision diagrams.</CONTRIBUTION><CONTRIBUTION>I also provide numerical evidence that supports the novel conjectures that the number of kernels of 3-regular graphs of size n is given by y^n, where y is approximately 1.299, and that the fluctuations in the logarithm of the number of kernels is also only O(1).</CONTRIBUTION> </ABSTRACT>","Imagine a network where every dot (node) connects to exactly three other dots. One thing you can count in such a network is how many ways you can choose dots so that none of them touch each other—these are called independent sets. Using precise computer checks, the authors show that every time you add a new dot, the total number of independent sets multiplies by the same fixed amount, with almost no ups and downs. They also look at another kind of special dot‐group called a kernel (where each dot is either chosen or touches a chosen dot) and find that kernels, too, grow by their own fixed factor for each extra dot, again with very tiny fluctuations. In other words, the simple formulas people guessed for how these counts should grow turn out to be spot-on.",   
ARXIV_1603_01296.json,<TASK> Summarize this abstract for high-school audience while highlight importance of contributions </TASK> <ABSTRACT> <BACKGROUND>Let $E$ be an elliptic curve over $\mathbb{Q}$ which has multiplicative reduction at a fixed prime $p$.</BACKGROUND> <BACKGROUND>For each positive integer $n$ we put $K_n:=\mathbb{Q}(E[p^n])$.</BACKGROUND> <CONTRIBUTION>The aim of this paper is to extend the author's previous results concerning the order of the $p$-Sylow group of the ideal class group of $K_n$ to a more general setting.</CONTRIBUTION> <CONTRIBUTION>We also modify the previous lower bound of the order and describe the new lower bound in terms of the Mordell–Weil rank of $E(\mathbb{Q})$ and the ramification related to $E$.</CONTRIBUTION> </ABSTRACT>,This paper explores a special kind of number system you get by starting with all fractions and then adding certain points from an elliptic curve—points that disappear when you multiply them by powers of a prime number 𝑝. The authors show that earlier results about these systems actually work in more cases than we thought. They also find a better lower limit for the size of an important subgroup inside these systems. It turns out this new limit depends only on two simple facts: how many rational solutions the curve already has and how the curve behaves at the prime 𝑝.,   
ARXIV_astro_ph_0010024.json,"<TASK> Summarize this abstract for high-school audience while highlight importance of contributions </TASK> <ABSTRACT> <BACKGROUND>We explore the predictions of the standard hierarchical clustering scenario, regarding the numbers and metallicities of PopIII stars found within our Galaxy today.</BACKGROUND> <BACKGROUND>An analytic, extended Press–Schechter formalism is used to get the mass functions of halos which will host PopIII stars at a given redshift, and which will end up in the Milky Way (MW) today.</BACKGROUND> <BACKGROUND>Each of these is modeled as a mini galaxy, with a detailed treatment of the dark halo structure, angular momentum distribution, final gas temperature and disk instabilities, all of which determine the fraction of the baryons which are subject to star formation.</BACKGROUND> <CONTRIBUTION>Use of new primordial metallicity stellar evolutionary models allows us to trace the history of the stars formed and give accurate estimates of their expected numbers today.</CONTRIBUTION> <CONTRIBUTION>A first comparison with observational data suggests that the IMF of the first stars was increasingly high mass weighted towards high redshifts, leveling off at z ≈ 9 at a characteristic stellar mass scale mₛ = 10–15 M⊙.</CONTRIBUTION> <BACKGROUND>Details can be found in Hernandez & Ferrara (2001).</BACKGROUND> </ABSTRACT>","Scientists used new computer models of how stars live and change to figure out how many metal-free “Pop III” stars should still be in our galaxy. They then checked these predictions against real telescope data. They found that the very first stars were mostly huge—about 10 to 15 times the mass of our Sun—and that by the time the universe was about 500 million years old (around redshift nine), this pattern had settled down. These results give us a clearer picture of how the Milky Way’s very first stars formed and grew",   
ARXIV_2210_09943.json,"<TASK> Summarize this abstract for high-school audience while highlight importance of contributions </TASK> <ABSTRACT> <BACKGROUND>Face recognition systems are widely deployed in safety-critical applications, including law enforcement, yet they exhibit bias across a range of socio-demographic dimensions, such as gender and race.</BACKGROUND> <BACKGROUND>Conventional wisdom dictates that model biases arise from biased training data.</BACKGROUND><BACKGROUND>As a consequence, previous works on bias mitigation largely focused on pre-processing the training data, adding penalties to prevent bias from effecting the model during training, or post-processing predictions to debias them, yet these approaches have shown limited success on hard problems such as face recognition.</BACKGROUND><CONTRIBUTION>In our work, we discover that biases are actually inherent to neural network architectures themselves.</CONTRIBUTION><CONTRIBUTION>Following this reframing, we conduct the first neural architecture search for fairness, jointly with a search for hyperparameters.</CONTRIBUTION><CONTRIBUTION>Our search outputs a suite of models which Pareto-dominate all other high-performance architectures and existing bias mitigation methods in terms of accuracy and fairness, often by large margins, on the two most widely used datasets for face identification, CelebA and VGGFace2.</CONTRIBUTION><CONTRIBUTION>Furthermore, these models generalize to other datasets and sensitive attributes.</CONTRIBUTION><CONTRIBUTION>We release our code, models and raw data files at https://github.com/dooleys/FR-NAS.</CONTRIBUTION> </ABSTRACT>","This paper shows that unfair results in face recognition come not just from the data but from how neural networks are built. The authors created the first way to search for network designs that focus on fairness as well as accuracy. Their new models are both more correct and less biased on major face-recognition datasets. These fair designs also work well on completely new datasets and different facial traits. To help others, the researchers have shared all their code and data so anyone can use and improve their work.",   
ARXIV_2208_02829.json,"<TASK> Summarize this abstract for high-school audience while highlight importance of contributions </TASK> <ABSTRACT> <BACKGROUND>Compensated isocurvature perturbations (CIPs) are relative density perturbations in which a baryon-density fluctuation is accompanied by a dark matter density fluctuation such that the total-matter density is unperturbed.</BACKGROUND> <BACKGROUND>These fluctuations can be produced primordially if multiple fields are present during inflation, and therefore they can be used to differentiate between different models for the early Universe.</BACKGROUND> <BACKGROUND>Kinetic Sunyaev–Zeldovich (kSZ) tomography allows for the reconstruction of the radial-velocity field of matter as a function of redshift.</BACKGROUND> <BACKGROUND>This technique can be used to reconstruct the total-matter-overdensity field, independent of the galaxy-density field obtained from large-scale galaxy surveys.</BACKGROUND> <CONTRIBUTION>We leverage the ability to measure the galaxy- and matter-overdensity fields independently to construct a minimum-variance estimator for the primordial CIP amplitude, based on a mode-by-mode comparison of the two measurements.</CONTRIBUTION> <CONTRIBUTION>We forecast that a configuration corresponding to CMB-S4 and VRO will be able to detect (at $2\sigma$) a CIP amplitude $A$ (for a scale-invariant power spectrum) as small as $A\simeq 5\times 10^{-9}$.</CONTRIBUTION> <CONTRIBUTION>Similarly, a configuration corresponding to SO and DESI will be sensitive to a CIP amplitude $A\simeq 1\times 10^{-7}$.</CONTRIBUTION> <CONTRIBUTION>These values are to be compared to current constraints $A \leq {\cal O}(0.01)$. </CONTRIBUTION> </ABSTRACT> ",Scientists have come up with a new way to find tiny ripples from the early universe called CIPs. They do this by comparing two “maps” of matter: one made by counting galaxies and another made by seeing how galaxy clusters leave faint marks on the cosmic microwave background. The team built a tool that mixes these two maps to measure exactly how strong those ripples are. Their forecasts show that future projects—like the CMB-S4 telescope together with the Vera Rubin Observatory and DESI—could spot ripples billions of times fainter than what we can see today.,   
ARXIV_2003_05228.json,"<TASK> Summarize this abstract for high-school audience while highlight importance of contributions </TASK> <ABSTRACT> <BACKGROUND>Stirling numbers of the first kind are used in the derivation of several population genetics statistics, which in turn are useful for testing evolutionary hypotheses directly from DNA sequences.</BACKGROUND> <CONTRIBUTION>Here, we explore the cumulative distribution function of these Stirling numbers, which enables a single direct estimate of the sum, using representations in terms of the incomplete beta function.</CONTRIBUTION> <CONTRIBUTION>This estimator enables an improved method for calculating an asymptotic estimate for one useful statistic, Fu’s Fs.</CONTRIBUTION> <CONTRIBUTION>By reducing the calculation from a sum of terms involving Stirling numbers to a single estimate, we simultaneously improve accuracy and dramatically increase speed.</CONTRIBUTION> </ABSTRACT>","Geneticists often need to add up special math numbers called Stirling numbers to study DNA, but doing this can be slow. The authors found a shortcut using a math formula called the incomplete beta function, which makes those sums much faster. They used this trick to speed up the calculation of Fu’s Fs, a key number that tracks how DNA changes in populations. This new method is both quicker and more accurate. As a result, researchers can test ideas about evolution with DNA data much more efficiently.",   
ARXIV_1410_0027.json,"<TASK> Summarize this abstract for high-school audience while highlight importance of contributions </TASK> <ABSTRACT> <BACKGROUND>We prove the following results for toric Deligne–Mumford stacks, under minimal compactness hypotheses:</BACKGROUND> <CONTRIBUTION>The Localization Theorem in equivariant K-theory; the equivariant Hirzebruch–Riemann–Roch theorem; the Fourier–Mukai transformation associated to a crepant toric wall-crossing gives an equivariant derived equivalence.</CONTRIBUTION> </ABSTRACT>","This paper looks at a special kind of shape that has built-in mirror-like patterns. The authors prove three big things about these shapes when they’re “nicely packed” and don’t go off to infinity. First, they show you can do a hard calculation by splitting it into smaller pieces and still keep track of all the patterns. Second, they update a classic counting rule (called the Hirzebruch–Riemann–Roch formula) so it works for these shapes, making it much easier to find key numbers. Third, they show that when you change one shape into a closely related one, a process called the Fourier–Mukai transform creates an exact match between how you describe them. Together, these ideas give mathematicians simple new ways to compute important properties and see hidden links between these complex shapes.",   
ARXIV_2311_11268.json,"<TASK> Summarize this abstract for high-school audience while highlight importance of contributions </TASK> <ABSTRACT> <BACKGROUND>Writing assistance is an application closely related to human life and is also a fundamental Natural Language Processing (NLP) research field.</BACKGROUND> <BACKGROUND>Its aim is to improve the correctness and quality of input texts, with character checking being crucial in detecting and correcting wrong characters.</BACKGROUND> <BACKGROUND>From the perspective of the real world where handwriting occupies the vast majority, characters that humans get wrong include faked characters (i.e., untrue characters created due to writing errors) and misspelled characters (i.e., true characters used incorrectly due to spelling errors).</BACKGROUND> <BACKGROUND>However, existing datasets and related studies only focus on misspelled characters mainly caused by phonological or visual confusion, thereby ignoring faked characters which are more common and difficult.</BACKGROUND> <CONTRIBUTION>To break through this dilemma, we present Visual-C$^3$, a human-annotated Visual Chinese Character Checking dataset with faked and misspelled Chinese characters.</CONTRIBUTION> <CONTRIBUTION>To the best of our knowledge, Visual-C$^3$ is the first real-world visual and the largest human-crafted dataset for the Chinese character checking scenario.</CONTRIBUTION> <CONTRIBUTION>Additionally, we also propose and evaluate novel baseline methods on Visual-C$^3$.</CONTRIBUTION> <CONTRIBUTION>Extensive empirical results and analyses show that Visual-C$^3$ is high-quality yet challenging.</CONTRIBUTION> <CONTRIBUTION>The Visual-C$^3$ dataset and the baseline methods will be publicly available to facilitate further research in the community.</CONTRIBUTION> </ABSTRACT>","Visual-C³ is a new, large dataset that helps computers find and fix fake or misspelled Chinese characters in handwritten notes. It’s the first dataset of its size for this task. The authors also created and tested basic computer models on Visual-C³. They found that, even though the dataset is really helpful, current systems still struggle with some of its challenges. By sharing the dataset and their code online, they hope other researchers can build better writing-help tools in the future.",   
ARXIV_2401_15509.json,"<TASK> Summarize this abstract for high-school audience while highlight importance of contributions </TASK> <ABSTRACT> <BACKGROUND>With the improvements in generative models, the issues of producing hallucinations in various domains (e.g., law, writing) have been brought to people’s attention due to concerns about misinformation.</BACKGROUND> <BACKGROUND>In this paper, we focus on neural fake news, which refers to content generated by neural networks aiming to mimic the style of real news to deceive people.</BACKGROUND><CONTRIBUTION>To prevent harmful disinformation spreading fallaciously from malicious social media (e.g., content farms), we propose a novel verification framework, Style-News, using publisher metadata to imply a publisher’s template with the corresponding text types, political stance, and credibility.</CONTRIBUTION> <CONTRIBUTION>Based on threat modeling aspects, a style-aware neural news generator is introduced as an adversary for generating news content conditioning for a specific publisher, and style and source discriminators are trained to defend against this attack by identifying which publisher the style corresponds with, and discriminating whether the source of the given news is human-written or machine-generated.</CONTRIBUTION> <CONTRIBUTION>To evaluate the quality of the generated content, we integrate various dimensional metrics (language fluency, content preservation, and style adherence) and demonstrate that Style-News significantly outperforms the previous approaches by a margin of 0.35 for fluency, 15.24 for content, and 0.38 for style at most.</CONTRIBUTION> <CONTRIBUTION>Moreover, our discriminative model outperforms state-of-the-art baselines in terms of publisher prediction (up to 4.64%) and neural fake news detection (+6.94% 31.72%).</CONTRIBUTION> <BACKGROUND>We plan to release our Style-News publicly, with the aim of improving neural fake news detection.</BACKGROUND> </ABSTRACT>","Style-News is a new system that learns how different news outlets write so it can both copy their style and spot AI-written fakes. It trains two tools: one that writes realistic-sounding articles in a publisher’s style, and another that detects when an article was made by a machine. In tests, Style-News beat older methods on writing quality, accuracy of facts, and its ability to catch fake news. The authors have shared Style-News publicly so everyone can use it to find AI-generated articles more reliably.",   
ARXIV_1912_01184.json,"<TASK> Summarize this abstract for high-school audience while highlight importance of contributions </TASK> <ABSTRACT> <BACKGROUND>Black holes and wormholes are solutions of Einstein's field equations, both of which, from afar, can look like a central mass.</BACKGROUND> <CONTRIBUTION>We show here that although at large distances both behave like Newtonian objects, close to the event horizon or to the throat, black holes and wormholes have different tidal effects on stars, due to their respective geometries.</CONTRIBUTION> <CONTRIBUTION>We quantify this difference by a numerical procedure in the Schwarzschild black hole and the exponential wormhole backgrounds, and compare the peak fallback rates of tidal debris in these geometries.</CONTRIBUTION> <CONTRIBUTION>The tidal disruption rates in these backgrounds are also computed.</CONTRIBUTION> <CONTRIBUTION>It is shown that these quantities are a few times higher for wormholes, compared to the black hole cases.</CONTRIBUTION> </ABSTRACT>","This study explains that black holes and wormholes, though they seem the same from far away, actually pull stars apart in different ways when you get close. Using computer simulations, the researchers measured how often stars break up and how much debris falls back near both Schwarzschild black holes and exponential-model wormholes. They found wormholes cause a few times more stellar disruption and debris return than black holes, suggesting a clear method to tell these exotic objects apart.",   
ARXIV_1706_06299.json,"<TASK> Summarize this abstract for high-school audience while highlight importance of contributions </TASK> <ABSTRACT> <BACKGROUND>Motivated by the recent synthesis of the spin-1 A-site spinel NiRh_{2}O_{4}, we investigate the classical to quantum crossover of a frustrated J_{1}-J_{2} Heisenberg model on the diamond lattice upon varying the spin length S.</BACKGROUND> <CONTRIBUTION>Applying a recently developed pseudospin functional renormalization group approach for arbitrary spin-S magnets, we find that systems with S\ge 3/2 reside in the classical regime, where the low-temperature physics is dominated by the formation of coplanar spirals and a thermal (order-by-disorder) transition.</CONTRIBUTION> <CONTRIBUTION>For smaller local moments S=1 or S=\tfrac12, we find that the system evades a thermal ordering transition and forms a quantum spiral spin liquid where the fluctuations are restricted to characteristic momentum-space surfaces.</CONTRIBUTION> <CONTRIBUTION>For the tetragonal phase of NiRh_{2}O_{4}, a modified J_{1}-J_{2}^{-}-J_{2}^{\perp} exchange model is found to favor a conventionally ordered N'eel state (for arbitrary spin S), even in the presence of a strong local single-ion spin anisotropy, and it requires additional sources of frustration to explain the experimentally observed absence of a thermal ordering transition.</CONTRIBUTION> </ABSTRACT>","Scientists used a new computer method to study a diamond‐shaped crystal called NiRh₂O₄. Inside this material, each atom has a tiny magnetic moment, or “spin.” They found that when these spins are large—equal to 3/2 or more—they lock into neat spiral patterns at very low temperatures. But if the spins are smaller—1 or 1/2—they don’t freeze; instead, they stay in a flowing, liquid‐like state called a “quantum spiral spin liquid.” The team also discovered that in the real NiRh₂O₄ crystal, extra “frustration” (competing forces) is needed to keep the spins from lining up. This explains why experiments never see the spins suddenly freeze as the material cools",   
ARXIV_1609_01999.json,"<TASK> Summarize this abstract for high-school audience while highlight importance of contributions </TASK> <ABSTRACT> <CONTRIBUTION>We show that recent multivariate generalizations of the Araki–Lieb–Thirring inequality and the Golden–Thompson inequality (Sutter et al. in Commun Math Phys, 2016. doi:10.1007/s00220-016-2778-5) for Schatten norms hold more generally for all unitarily invariant norms and certain variations thereof.</CONTRIBUTION> <CONTRIBUTION>The main technical contribution is a generalization of the concept of log-majorization which allows us to treat majorization with regard to logarithmic integral averages of vectors of singular values.</CONTRIBUTION> </ABSTRACT>","This paper looks at two important rules about how “big” different parts of a grid of numbers (a matrix) can be. Until now, these rules only worked for one specific way of measuring size. The authors prove that the same rules actually hold true for many other size measures, so they apply much more broadly. They also come up with a new, easy-to-use way to compare the sizes of different parts of the matrix by taking the average on a logarithmic scale (think of it like measuring earthquakes on the Richter scale). Together, these breakthroughs let mathematicians use and prove these matrix rules in more places and with simpler methods.",   
ARXIV_physics_0606220.json,"<TASK> Summarize this abstract for high-school audience while highlight importance of contributions </TASK> <ABSTRACT> <BACKGROUND>Two aspects required to establish a planning in orthognatic surgery are addressed in this paper.</BACKGROUND> <BACKGROUND>First, a 3D cephalometric analysis, which is clinically essential for the therapeutic decision.</BACKGROUND> <CONTRIBUTION>Then, an original method to build a biomechanical model of patient face soft tissue, which provides evaluation of the aesthetic outcomes of an intervention.</CONTRIBUTION> <BACKGROUND>Both points are developed within a clinical application context for computer aided maxillofacial surgery.</BACKGROUND> </ABSTRACT>","Surgeons can now plan jaw surgery with two computer steps in one program. First, they build a 3D model of the patient’s skull to see exactly how the bones will move. Then, they use a new soft-tissue simulator that predicts how the skin and muscles will shift, so they can preview the patient’s new face before the operation. By combining both steps into easy-to-use clinical software, doctors get more accurate surgery plans and safer results for their patients.",   
ARXIV_2412_00460.json,"<TASK> Summarize this abstract for high-school audience while highlight importance of contributions </TASK> <ABSTRACT> <BACKGROUND>Prohibited item detection is crucial for ensuring public safety, yet current X-ray image-based detection methods often lack comprehensive data-driven exploration.</BACKGROUND> <CONTRIBUTION>This paper introduces a novel data augmentation approach tailored for prohibited item detection, leveraging unique characteristics inherent to X-ray imagery.</CONTRIBUTION> <BACKGROUND>Our method is motivated by observations of physical properties including: 1) X-ray Transmission Imagery: Unlike reflected light images, transmitted X-ray pixels represent composite information from multiple materials along the imaging path.</BACKGROUND> <BACKGROUND>Material-based Pseudo-coloring: Pseudo-color rendering in X-ray images correlates directly with material properties, aiding in material distinction.</BACKGROUND> <CONTRIBUTION>Building on a novel perspective from physical properties, we propose a simple yet effective X-ray image augmentation technique, Background Mixup (BGM), for prohibited item detection in security screening contexts.</CONTRIBUTION> <CONTRIBUTION>The essence is the rich background simulation of X-ray images to induce the model to increase its attention to the foreground.</CONTRIBUTION> <CONTRIBUTION>The approach introduces 1) contour information of baggage and 2) variation of material information into the original image by Mixup at patch level.</CONTRIBUTION> <CONTRIBUTION>Background Mixup is plug-and-play, parameter-free, highly generalizable and provides an effective solution to the limitations of classical visual augmentations in non-reflected light imagery.</CONTRIBUTION> <CONTRIBUTION>When implemented with different high-performance detectors, our augmentation method consistently boosts performance across diverse X-ray datasets from various devices and environments.</CONTRIBUTION> <CONTRIBUTION>Extensive experimental results demonstrate that our approach surpasses strong baselines while maintaining similar training resources.</CONTRIBUTION> </ABSTRACT>","This study presents Background Mixup (BGM), a simple trick for improving X-ray baggage scans. BGM mixes in parts of different bag backgrounds and adds color hints for materials so that computer programs learn to pay more attention to the items they need to find. It works by blending small patches of bag shapes and “fake” colors for different materials. Tests on several X-ray datasets show that using BGM makes these programs better at spotting forbidden items—and it does so without needing extra training time or more data.",   
ARXIV_1408_1405.json,"<TASK> Summarize this abstract for high-school audience while highlight importance of contributions </TASK> <ABSTRACT> <BACKGROUND>Burgers-Kardar-Parisi-Zhang (KPZ) scaling has recently (re-) surfaced in a variety of physical contexts, ranging from anharmonic chains to quantum systems such as open superfluids, in which a variety of random forces may be encountered and/or engineered.</BACKGROUND> <CONTRIBUTION>Motivated by these developments, we here provide a generalization of the KPZ universality class to situations with long-ranged temporal correlations in the noise, which purposefully break the Galilean invariance that is central to the conventional KPZ solution.</CONTRIBUTION> <CONTRIBUTION>We compute the phase diagram and critical exponents of the KPZ equation with 1/f noise (KPZ1/f) in spatial dimensions 1≤d<4 using the dynamic renormalization group with a frequency cutoff technique in a one-loop truncation.</CONTRIBUTION> <CONTRIBUTION>Distinct features of KPZ1/f are (i) a generically scale-invariant, rough phase at high noise levels that violates fluctuation-dissipation relations and exhibits hyperthermal statistics even in d=1, (ii) a fine-tuned roughening transition at which the flow fulfills an emergent thermal-like fluctuation-dissipation relation, that separates the rough phase from (iii) a massive phase in 1<d<4 (in d=1 the interface is always rough).</CONTRIBUTION> <CONTRIBUTION>We point out potential connections to nonlinear hydrodynamics with a reduced set of conservation laws and noisy quantum liquids.</CONTRIBUTION> </ABSTRACT> ","Scientists took a well-known physics model and added a special kind of time-varying noise that breaks one of the model’s usual balance rules. Then they used math to explore how this “noisy” model behaves in spaces of one, two, three, and four dimensions. They found three distinct behaviors: a rough phase where the normal balance rules no longer apply, a transition point where the usual rules briefly reappear, and a smooth phase in higher dimensions. These discoveries give researchers new tools for studying complex fluid flows and certain advanced quantum systems.",   
ARXIV_1803_06960.json,"<TASK> Summarize this abstract for high-school audience while highlight importance of contributions </TASK> <ABSTRACT> <BACKGROUND>Good tools can bring mechanical verification to programs written in mainstream functional languages.</BACKGROUND> <CONTRIBUTION>We use hs-to-coq to translate significant portions of Haskell's containers library into Coq, and verify it against specifications that we derive from a variety of sources including type class laws, the library's test suite, and interfaces from Coq's standard library.</CONTRIBUTION> <CONTRIBUTION>Our work shows that it is feasible to verify mature, widely-used, highly optimized, and unmodified Haskell code.</CONTRIBUTION> <CONTRIBUTION>We also learn more about the theory of weight-balanced trees, extend hs-to-coq to handle partiality, and -- since we found no bugs -- attest to the superb quality of well-tested functional code.</CONTRIBUTION> </ABSTRACT>","This paper shows how you can use one program to prove that another program works correctly. The authors picked a popular Haskell library and used a tool called hs-to-coq to turn its code into Coq, which is a system for checking proofs. They ran the library’s existing tests inside Coq and used Coq’s logic rules to verify every function. They also upgraded hs-to-coq so it can handle parts of the code that aren’t always defined. Along the way, they discovered new facts about special tree structures. In the end, they found no mistakes, proving that well-tested functional code can be trusted to be correct.",   
ARXIV_2108_02941.json,"<TASK> Summarize this abstract for high-school audience while highlight importance of contributions </TASK> <ABSTRACT> <BACKGROUND>Disinformation through fake news is an ongoing problem in our society and has become easily spread through social media.</BACKGROUND> <BACKGROUND>The most cost- and time-effective way to filter these large amounts of data is to use a combination of human and technical interventions to identify it.</BACKGROUND> <BACKGROUND>From a technical perspective, Natural Language Processing (NLP) is widely used in detecting fake news.</BACKGROUND> <BACKGROUND>Social media companies use NLP techniques to identify the fake news and warn their users, but fake news may still slip through undetected.</BACKGROUND> <BACKGROUND>It is especially a problem in more localised contexts (outside the United States of America).</BACKGROUND> <BACKGROUND>How do we adjust fake news detection systems to work better for local contexts such as in South Africa.</BACKGROUND> <CONTRIBUTION>In this work we investigate fake news detection on South African websites.</CONTRIBUTION> <CONTRIBUTION>We curate a dataset of South African fake news and then train detection models.</CONTRIBUTION> <CONTRIBUTION>We contrast this with using widely available fake news datasets (from mostly USA website).</CONTRIBUTION> <CONTRIBUTION>We also explore making the datasets more diverse by combining them and observe the differences in behaviour in writing between nations’ fake news using interpretable machine learning.</CONTRIBUTION> </ABSTRACT>",The researchers gathered news articles from South African websites and trained computer models to spot fake news there. They then compared these models to ones built mostly on U.S. news and used special tools to see how writing styles differ. Their tests showed that tailoring fake-news detectors to local sources and mixing in diverse data makes the systems more accurate and easier to understand for each region.,   
ARXIV_0705_0891.json,"<TASK> Summarize this abstract for high-school audience while highlight importance of contributions </TASK> <ABSTRACT> <BACKGROUND>No abstract given.</BACKGROUND> <BACKGROUND>Contents: I. Definition and Introduction</BACKGROUND> <BACKGROUND>II. Schelling Model</BACKGROUND> <BACKGROUND>III. Opinion Dynamics</BACKGROUND> <BACKGROUND>IV. Languages, Hierarchies and Football</BACKGROUND> <CONTRIBUTION>V. Future Directions</CONTRIBUTION> </ABSTRACT>","This paper doesn’t start with the usual summary but instead first gives all the basic definitions and an introduction. Next, it explains the Schelling model, which shows how people’s opinions can shift when they interact. After that, it looks at real-world uses, like how languages spread, how social groups form, and even how fans behave at football games. Finally, the authors suggest new research questions and ideas to help future studies in sociophysics, pointing the way toward fresh experiments and models.",   
ARXIV_1410_3702.json,"<TASK> Summarize this abstract for high-school audience while highlight importance of contributions </TASK> <ABSTRACT> <CONTRIBUTION>We report on a pilot study of a novel observing technique, defocused transmission spectroscopy, and its application to the study of exoplanet atmospheres using ground-based platforms.</CONTRIBUTION> <BACKGROUND>Similar to defocused photometry, defocused transmission spectroscopy has an added advantage over normal spectroscopy in that it reduces systematic errors due to flat-fielding, point spread function variations, slit-jaw imperfections and other effects associated with ground-based observations.</BACKGROUND><CONTRIBUTION>For one of the planetary systems studied, WASP-12b, we report a tentative detection of additional Na absorption of 0.12 ± 0.03[+0.03] per cent during transit using a 2 Å wavelength mask.</CONTRIBUTION><CONTRIBUTION>After consideration of a systematic that occurs mid-transit, it is likely that the true depth is actually closer to 0.15 per cent.</CONTRIBUTION><BACKGROUND>This is a similar level of absorption reported in the atmosphere of HD 209458b (0.135 ± 0.017 per cent; Snellen et al. 2008).</BACKGROUND><CONTRIBUTION>Finally, we outline methods that will improve the technique during future observations, based on our findings from this pilot study.</CONTRIBUTION> </ABSTRACT>","Scientists developed a new method called defocused transmission spectroscopy to study the atmospheres of planets outside our solar system with fewer errors. They tried it on the planet WASP-12b and detected extra sodium gas, which blocked about 0.15% more starlight when the planet passed in front of its star. Finally, they suggest simple improvements—like better calibration and watching the planet for longer—to make this technique even more reliable for future studies.",   
ARXIV_2308_09191.json,"<TASK> Summarize this abstract for high-school audience while highlight importance of contributions </TASK> <ABSTRACT> <BACKGROUND>The potential of integrating public transit with ridesharing includes shorter travel time for commuters and higher occupancy rate of personal vehicles and public transit ridership.</BACKGROUND> <BACKGROUND>In this paper, we describe a centralized transit system that integrates public transit and ridesharing to reduce travel time for commuters.</BACKGROUND> <BACKGROUND>In the system, a set of ridesharing providers (drivers) and a set of public transit riders are received.</BACKGROUND> <BACKGROUND>The optimization goal of the system is to assign riders to drivers by arranging public transit and ridesharing combined routes subject to shorter commuting time for as many riders as possible.</BACKGROUND><CONTRIBUTION>We give an exact algorithm, which is an ILP formulation based on a hypergraph representation of the problem.</CONTRIBUTION> <CONTRIBUTION>By using the ILP and the hypergraph, we give approximation algorithms based on LP-rounding and hypergraph matching/weighted set packing, respectively.</CONTRIBUTION> <CONTRIBUTION>As a case study, we conduct an extensive computational study based on real-world public transit dataset and ridesharing dataset in Chicago city.</CONTRIBUTION> <CONTRIBUTION>To evaluate the effectiveness of the transit system and our algorithms, we generate data instances from the datasets.</CONTRIBUTION> <CONTRIBUTION>The experimental results show that more than 60% of riders are assigned to drivers on average, riders' commuting time is reduced by 23% and vehicle occupancy rate is improved to almost 3.</CONTRIBUTION> <CONTRIBUTION>Our proposed algorithms are efficient for practical scenarios.</CONTRIBUTION> </ABSTRACT>","This paper builds a system that uses both buses/trains and shared rides to help people travel faster. It creates a precise algorithm and simpler approximation methods to match riders with drivers, and tests these on Chicago data, finding that it cuts travel time by 23%, matches over 60% of riders, and boosts vehicle use to nearly three people per trip. These findings show their methods work well in real life.",   
ARXIV_1611_00623.json,"<TASK> Summarize this abstract for high-school audience while highlight importance of contributions </TASK> <ABSTRACT> <BACKGROUND>Ultraluminous X-ray sources (ULXs) are bright extragalactic sources with X-ray luminosities above 10^39 erg/s powered by accretion onto compact objects.</BACKGROUND> <BACKGROUND>According to the first studies performed with XMM-Newton ULXs seemed to be excellent candidates to host intermediate-mass black holes (10^2-4 solar masses).</BACKGROUND> <BACKGROUND>However, in the last years the interpretation of super-Eddington accretion onto stellar-mass black holes or neutron stars for most ULXs has gained a strong consensus.</BACKGROUND> <BACKGROUND>One critical missing piece to confirm the super-Eddington scenario was the direct detection of the massive, radiatively-driven winds expected as atomic emission/absorption lines in ULX spectra.</BACKGROUND> <BACKGROUND>The first evidence for winds was found as residuals in the soft X-ray spectra of ULXs.</BACKGROUND> <CONTRIBUTION>Most recently we have been able to resolve these residuals into rest-frame emission and blueshifted (~0.2c) absorption lines arising from highly ionized gas in the deep high-resolution XMM-Newton spectra of two ultraluminous X-ray sources.</CONTRIBUTION> <CONTRIBUTION>The compact object is therefore surrounded by powerful ultrafast winds as predicted by models of hyper-Eddington accretion.</CONTRIBUTION> <CONTRIBUTION>Here we discuss the relevance of these discoveries and the importance of further, deep, XMM-Newton observations of powerful winds in many other ultraluminous X-ray sources to estimate the energetics of the wind, the geometry of the system, and the masses of the central accretors.</CONTRIBUTION> </ABSTRACT>","Scientists used the XMM-Newton space telescope to spot incredibly fast winds coming from ultraluminous X-ray sources—objects so bright they outshine whole galaxies in X-rays. These winds race out at nearly one-fifth the speed of light and carry huge amounts of ionized gas away from the source. This finding shows that these powerful X-ray sources don’t just shine—they blast out massive gas flows. To learn more, the researchers say we need longer, more detailed observations to figure out exactly how much energy these winds carry, what shape they have, and how big the hidden, compact objects powering them really are.",   
ARXIV_2307_09813.json,"<TASK> Summarize this abstract for high-school audience while highlight importance of contributions </TASK> <ABSTRACT> <BACKGROUND>Event Causality Identification (ECI) aims at determining whether there is a causal relation between two event mentions.</BACKGROUND> <BACKGROUND>Conventional prompt learning designs a prompt template to first predict an answer word and then maps it to the final decision.</BACKGROUND> <CONTRIBUTION>Unlike conventional prompts, we argue that predicting an answer word may not be a necessary prerequisite for the ECI task.</CONTRIBUTION> <CONTRIBUTION>Instead, we can first make a deterministic assumption on the existence of causal relation between two events and then evaluate its rationality to either accept or reject the assumption </CONTRIBUTION> <CONTRIBUTION>The design motivation is to try the most utilization of the encyclopedia-like knowledge embedded in a pre-trained language model.</CONTRIBUTION> <CONTRIBUTION>In light of such considerations, we propose a deterministic assumption prompt learning model, called DAPrompt, for the ECI task.</CONTRIBUTION> <CONTRIBUTION>In particular, we design a simple deterministic assumption template concatenating with the input event pair, which includes two masks as predicted events' tokens.</CONTRIBUTION> <CONTRIBUTION>We use the probabilities of predicted events to evaluate the assumption rationality for the final event causality decision.</CONTRIBUTION> <CONTRIBUTION>Experiments on the EventStoryLine corpus and Causal-TimeBank corpus validate our design objective in terms of significant performance improvements over the state-of-the-art algorithms.</CONTRIBUTION> </ABSTRACT>","Researchers usually ask a language model to fill in a hidden word to decide if one event causes another. This paper does the opposite. First, it assumes the two events are linked, then it checks if that idea makes sense. The authors created DAPrompt, which puts the events into a simple sentence with blank spots and asks the model how likely the cause-and-effect idea is. When tested on two standard event-causality datasets, DAPrompt beat older methods by a clear margin. This shows their flip-around approach is a better way to figure out how events relate.",   
ARXIV_2409_18013.json,"<TASK> Summarize this abstract for high-school audience while highlight importance of contributions </TASK> <ABSTRACT> <BACKGROUND>Data-driven simulation of physical systems has recently kindled significant attention, where many neural models have been developed.</BACKGROUND> <BACKGROUND>In particular, mesh-based graph neural networks (GNNs) have demonstrated significant potential in predicting spatiotemporal dynamics across arbitrary geometric domains.</BACKGROUND> <BACKGROUND>However, the existing node-edge message passing mechanism in GNNs limits the model's representation learning ability.</BACKGROUND> <CONTRIBUTION>In this paper, we proposed a cell-embedded GNN model (aka CeGNN) to learn spatiotemporal dynamics with lifted performance.</CONTRIBUTION> <CONTRIBUTION>Specifically, we introduce a learnable cell attribution to the node-edge message passing process, which better captures the spatial dependency of regional features.</CONTRIBUTION> <CONTRIBUTION>Such a strategy essentially upgrades the local aggregation scheme from the first order (e.g., from edge to node) to a higher order (e.g., from volume to edge and then to node), which takes advantage of volumetric information in message passing.</CONTRIBUTION> <CONTRIBUTION>Meanwhile, a novel feature-enhanced block is designed to further improve the performance of CeGNN and relieve the over-smoothness problem, via treating the latent features as basis functions.</CONTRIBUTION> <CONTRIBUTION>The extensive experiments on various PDE systems and one real-world dataset demonstrate that CeGNN achieves superior performance compared with other baseline models, particularly reducing the prediction error with up to 1 orders of magnitude on several PDE systems.</CONTRIBUTION> </ABSTRACT>","CeGNN is a new AI model that watches how linked regions change over time. It adds two key ideas to keep important details from disappearing as data flows through the network. First, it uses a “cell” step that stores crucial information before it gets mixed in. Second, it adds extra feature blocks that help the model remember what matters. Unlike older methods that only pass messages along connections, CeGNN also looks at how the size (volume) of each region grows or shrinks. In tests on both computer-generated physics problems and real-world data, CeGNN cut its prediction errors by up to ten times compared to earlier graph-based models.",   
ARXIV_1603_04522.json,"<TASK> Summarize this abstract for high-school audience while highlight importance of contributions </TASK> <ABSTRACT> <BACKGROUND>Social recommender systems exploit users' social relationships to improve the recommendation accuracy.</BACKGROUND> <BACKGROUND>Intuitively, a user tends to trust different subsets of her social friends, regarding with different scenarios.</BACKGROUND> <BACKGROUND>Therefore, the main challenge of social recommendation is to exploit the optimal social dependency between users for a specific recommendation task.</BACKGROUND><CONTRIBUTION>In this paper, we propose a novel recommendation method, named probabilistic relational matrix factorization (PRMF), which aims to learn the optimal social dependency between users to improve the recommendation accuracy, with or without users' social relationships.</CONTRIBUTION> <CONTRIBUTION>Specifically, in PRMF, the latent features of users are assumed to follow a matrix variate normal (MVN) distribution.</CONTRIBUTION><CONTRIBUTION>The positive and negative dependency between users are modeled by the row precision matrix of the MVN distribution.</CONTRIBUTION> <CONTRIBUTION>Moreover, we have also proposed an efficient alternating algorithm to solve the optimization problem of PRMF.</CONTRIBUTION> <CONTRIBUTION>The experimental results on real datasets demonstrate that the proposed PRMF method outperforms state-of-the-art social recommendation approaches, in terms of root mean square error (RMSE) and mean absolute error (MAE).</CONTRIBUTION> </ABSTRACT>","PRMF is a new recommendation system that figures out which friends to trust when suggesting items like movies or products. It does this by looking at each user’s profile and by including both positive (friends) and negative (non-friends) connections. PRMF uses a simple two-step process that quickly finds the best settings for its model. When tested on real data, it makes more accurate recommendations than earlier social-based methods.",   
ARXIV_2205_12806.json,"<TASK> Summarize this abstract for high-school audience while highlight importance of contributions </TASK> <ABSTRACT> <CONTRIBUTION>In this note, we provide a formula for the Tjurina number of a join of isolated hypersurface singularities in separated variables.</CONTRIBUTION> <CONTRIBUTION>From this, we are able to provide a characterization of isolated hypersurface singularities whose difference between the Milnor and Tjurina numbers is less or equal than two arising as the join of isolated hypersurface singularities in separated variables.</CONTRIBUTION> <CONTRIBUTION>Also, we are able to provide new upper bounds for the quotient of Milnor and Tjurina numbers of certain join of isolated hypersurface singularities.</CONTRIBUTION> <CONTRIBUTION>Finally, we deduce an upper bound for the quotient of Milnor and Tjurina numbers in terms of the singularity index of any isolated hypersurface singularity, not necessarily a join of singularities.</CONTRIBUTION> </ABSTRACT>","This paper studies sharp “kinks” on smooth surfaces, called singularities. The authors found a new way to calculate how complicated these kinks get when you combine two of them, using a number called the Tjurina number. They used this to sort out all the cases where two key measurements of a kink—the Milnor and Tjurina numbers—differ by at most two. They also discovered simple upper limits for how big one number can get compared to the other, and they showed one of these limits always holds for any isolated bump or dip on a surface. These results give mathematicians clearer rules for understanding and comparing different kinds of surface singularities.",   
ARXIV_2202_11945.json,"<TASK> Summarize this abstract for high-school audience while highlight importance of contributions </TASK> <ABSTRACT> <BACKGROUND>The Multi-conjugate Adaptive Optics RelaY (MAORY) is one of the key Adaptive Optics (AO) systems on the European Southern Observatory's Extremely Large Telescope.</BACKGROUND> <BACKGROUND>MAORY aims to achieve a good wavefront correction over a large field of view, which involves a tomographic estimation of the 3D atmospheric wavefront disturbance.</BACKGROUND> <BACKGROUND>Mathematically, the reconstruction of turbulent layers in the atmosphere is severely ill-posed, hence, limits the achievable reconstruction accuracy.</BACKGROUND> <BACKGROUND>Moreover, the reconstruction has to be performed in real-time at a few hundred to one thousand Hertz frame rates.</BACKGROUND> <BACKGROUND>Huge amounts of data have to be processed and thousands of actuators of the deformable mirrors have to be controlled by elaborated algorithms.</BACKGROUND> <BACKGROUND>Even with extensive parallelization and pipelining, direct solvers, such as the Matrix Vector Multiplication (MVM) method, are extremely demanding.</BACKGROUND> <BACKGROUND>Thus, research in the last years shifted into the direction of iterative methods.</BACKGROUND> <CONTRIBUTION>In this paper we focus on the iterative Finite Element Wavelet Hybrid Algorithm (FEWHA).</CONTRIBUTION> <CONTRIBUTION>The key feature of FEWHA is a matrix-free representation of all operators involved, which makes the algorithm fast and enables on the fly system updates whenever parameters at the telescope or in the atmosphere change.</CONTRIBUTION> <CONTRIBUTION>We provide a performance analysis of the method regarding quality and run-time for the MAORY instrument using the AO software package COMPASS.</CONTRIBUTION> </ABSTRACT>","MAORY is a tool that helps telescopes take sharper pictures by fixing the blur caused by Earth’s atmosphere. Its new algorithm, called FEWHA, works in simple, repeating steps that use wavelets (a way to break an image into different detail levels) to correct distortions. Because FEWHA never needs to build or store huge data tables, it runs very fast and can update its corrections in real time as the sky changes. Tests with the actual MAORY instrument show that FEWHA can quickly and accurately sharpen images under real observing conditions.",   
ARXIV_2004_03957.json,"<TASK> Summarize this abstract for high-school audience while highlight importance of contributions </TASK> <ABSTRACT> <BACKGROUND>The determination of the size and geometry of the broad line region (BLR) in active galactic nuclei is one of the major ingredients for determining the mass of the accreting black hole.</BACKGROUND> <BACKGROUND>This can be done by determining the delay between the optical continuum and the flux reprocessed by the BLR, in particular via the emission lines.</BACKGROUND><CONTRIBUTION>We propose here that the delay between polarized and unpolarized light can also be used in much the same way to constrain the size of the BLR; we check that meaningful results can be expected from observations using this technique.</CONTRIBUTION> <BACKGROUND>We use our code STOKES for performing polarized radiative transfer simulations.</BACKGROUND> <BACKGROUND>We determine the response of the central source environment (broad line region, dust torus, polar wind) to fluctuations of the central source that are randomly generated; we then calculate the cross correlation between the simulated polarized flux and the total flux to estimate the time delay that would be provided by observations using the same method.</BACKGROUND><CONTRIBUTION>We find that the broad line region is the main contributor to the delay between the polarized flux and the total flux; this delay is independent on the observation wavelength.</CONTRIBUTION><CONTRIBUTION>This validates the use of polarized radiation in the optical/UV band to estimate the geometrical properties of the broad line region in type I AGNs, in which the viewing angle is close to pole-on and the BLR is not obscured by the dust torus.</CONTRIBUTION> </ABSTRACT>","Black holes in some galaxies are surrounded by a fast-moving gas cloud called the broad line region. To figure out how big and what shape this cloud is, scientists measure how long it takes light to bounce around before it reaches us. This paper introduces a new trick: they compare the arrival time of ordinary light with light that’s been polarized (its waves lined up). Computer tests show that the extra delay comes almost entirely from the gas cloud and stays the same for different colors of light. That means astronomers can now use polarized-light measurements to map the size and shape of the gas around these black holes.",   
ARXIV_1201_5823.json,"<TASK> Summarize this abstract for high-school audience while highlight importance of contributions </TASK> <ABSTRACT> <BACKGROUND>We present a list of equivalent expressions and extensions of Bougerol’s celebrated identity in law, obtained by several authors.</BACKGROUND> <CONTRIBUTION>We recall well-known results and the latest progress of the research associated with this celebrated identity in many directions, we give some new results and possible extensions and we try to point out open questions.</CONTRIBUTION> </ABSTRACT>","This paper collects all the different forms of a famous math formula called Bougerol’s identity in one place, so it’s easier to study. The authors then share new discoveries and suggest ways to make the identity work in more situations. They also point out questions that nobody has answered yet. By doing this, they give other researchers clear directions for exploring new ideas and growing this area of math.",   
ARXIV_1804_06065.json,"<TASK> Summarize this abstract for high-school audience while highlight importance of contributions </TASK> <ABSTRACT> <CONTRIBUTION>We present optical and near-infrared observations of a low-luminosity (LL) Type IIP supernova (SN) 2016bkv from the initial rising phase to the plateau phase.</CONTRIBUTION> <CONTRIBUTION>Our observations show that the end of the plateau is extended to ≳140 days since the explosion, indicating that this SN takes one of the longest times to finish the plateau phase among Type IIP SNe (SNe IIP), including LL SNe IIP.</CONTRIBUTION><CONTRIBUTION>The line velocities of various ions at the middle of the plateau phase are as low as 1000–1500 km s⁻¹, which is the lowest even among LL SNe IIP.</CONTRIBUTION> <CONTRIBUTION>These measurements imply that the ejecta mass in SN 2016bkv is larger than that of the well-studied LL IIP SN 2003Z.</CONTRIBUTION> <CONTRIBUTION>In the early phase, SN 2016bkv shows a strong bump in the light curve.</CONTRIBUTION> <CONTRIBUTION>In addition, the optical spectra in this bump phase exhibit a blue continuum accompanied by a narrow Hα emission line.</CONTRIBUTION> <CONTRIBUTION>These features indicate an interaction between the SN ejecta and the circumstellar matter (CSM) as in SNe IIn.</CONTRIBUTION> <CONTRIBUTION>Assuming the ejecta–CSM interaction scenario, the mass loss rate is estimated to be very high within a few years before the SN explosion.</CONTRIBUTION> <CONTRIBUTION>This is comparable to or even larger than the largest mass loss rate observed for the Galactic red supergiants (for VY CMa).</CONTRIBUTION> <CONTRIBUTION>We suggest that the progenitor star of SN 2016bkv experienced a violent mass loss just before the SN explosion.</CONTRIBUTION> </ABSTRACT>","This study looks at a faint exploding star called SN 2016bkv. By watching it in visible and infrared light, the scientists found its bright “plateau” phase lasted over 140 days—much longer than usual. They also saw that the gas in the explosion was moving unusually slowly (about 1,000–1,500 km/s). Early on, the star’s light suddenly got a bit brighter for a short time, and they spotted a narrow hydrogen emission line (Hα) that shows the explosion ran into gas around the star. Finally, they calculated that the star must have blasted off a huge amount of material right before it died—one of the strongest mass-loss events known for big red supergiant stars. All these clues point to a violent outburst just before the star exploded.",   
ARXIV_2404_11904.json,"<TASK> Summarize this abstract for high-school audience while highlight importance of contributions </TASK> <ABSTRACT><BACKGROUND>Higher-order theories of gravity are a branch of modified gravity wherein the geometrodynamics of the four-dimensional Riemannian manifold is determined by field equations involving derivatives of the metric tensor of order higher than two.</BACKGROUND> <BACKGROUND>This paper considers a general action built with the Einstein–Hilbert term plus additional curvature-based invariants, viz.\ the Starobinsky $R^{2}$-type term, a term scaling with $R^{3}$, and a correction of the type $R\square R$.</BACKGROUND> <BACKGROUND>The focus is on the background inflationary regime accommodated by these three models.</BACKGROUND><BACKGROUND>For that, the higher-order field equations are built and specified for the FLRW line element.</BACKGROUND> <BACKGROUND>The dynamical analysis in the phase space is carried in each case.</BACKGROUND> <CONTRIBUTION>This analysis shows that the Starobinsky-plus-$R^{3}$ model keeps the good features exhibited by the pure Starobinsky inflationary model, although the set of initial conditions for the inflaton field $\chi$ leading to a graceful exit scenario is more contrived; the coupling constant $\alpha_{0}$ of the $R^{3}$ invariant is also constrained by the dynamical analysis.</CONTRIBUTION> <CONTRIBUTION>The Starobinsky-plus-$R\square R$ model turns out being a double-field inflation model; it consistently enables an almost-exponential primordial acceleration followed by a radiation dominated universe if its coupling $\beta_{0}$ takes values in the interval $0\leq\beta_{0}\leq3/4$.</CONTRIBUTION> <CONTRIBUTION>The models introducing higher-order correction to Starobinsky inflation are interesting due to the possibility of a running spectral index $n_{s}$, something that is allowed by current CMB observations.</CONTRIBUTION> </ABSTRACT>","The authors looked at what happens when you tweak Einstein’s gravity by adding two extra terms: one involving R-cubed and another involving R-box-R. They found that the R-cubed term still produces the rapid “Starobinsky” inflation phase, but only if you start with very precise initial conditions—this puts a tight limit on its coupling constant alpha_0. They also showed that the R-box-R term behaves like two interacting fields: it brings inflation to a smooth end and leads into the normal hot universe, provided its coupling beta_0 lies between 0 and 3/4. Finally, both of these tweaks change the tiny ripples in the cosmic microwave background just slightly—and those shifts match what we actually observe.",   
ARXIV_2309_01301.json,"<TASK> Summarize this abstract for high-school audience while highlight importance of contributions </TASK> <ABSTRACT> <BACKGROUND>Previous statistical approaches to hierarchical clustering for social network analysis all construct an ""ultrametric"" hierarchy.</BACKGROUND> <BACKGROUND>While the assumption of ultrametricity has been discussed and studied in the phylogenetics literature, it has not yet been acknowledged in the social network literature.</BACKGROUND> <CONTRIBUTION>We show that ""non-ultrametric structure"" in the network introduces significant instabilities in the existing top-down recovery algorithms.</CONTRIBUTION> <CONTRIBUTION>To address this issue, we introduce an instability diagnostic plot and use it to examine a collection of empirical networks.</CONTRIBUTION> <CONTRIBUTION>These networks appear to violate the ""ultrametric"" assumption.</CONTRIBUTION> <CONTRIBUTION>We propose a deceptively simple and yet general class of probabilistic models called 𝕋-Stochastic Graphs which impose no topological restrictions on the latent hierarchy.</CONTRIBUTION> <CONTRIBUTION>To illustrate this model, we propose six alternative forms of hierarchical network models and then show that all six are equivalent to the 𝕋-Stochastic Graph model.</CONTRIBUTION> <CONTRIBUTION>These alternative models motivate a novel approach to hierarchical clustering that combines spectral techniques with the well-known Neighbor-Joining algorithm from phylogenetic reconstruction.</CONTRIBUTION> <CONTRIBUTION>We prove this spectral approach is statistically consistent.</CONTRIBUTION> </ABSTRACT>","Real-world networks—like social media connections—don’t always follow the neat “tree” structures that older clustering methods expect, so their groups can be unstable. To solve this, the authors first made an instability plot that shows exactly when a network isn’t tree-like. Then they created a new, flexible model called T-Stochastic Graphs, which can be described in six different but equivalent ways, to capture real networks’ messy hierarchies. Finally, they designed a reliable clustering method that mixes two ideas—spectral clustering (which looks at how nodes connect in waves) and the Neighbor-Joining algorithm (a biology tool for building family trees)—and proved it always finds stable, multi-level communities. Together, these tools help researchers spot when old methods fail, use a better network model, and uncover true group structures in complex networks.",   
ARXIV_2504_05010.json,"<TASK> Summarize this abstract for high-school audience while highlight importance of contributions </TASK> <ABSTRACT> <BACKGROUND>The discrete isoperimetric inequality states that among all n-gons with a fixed area, the regular n-gon has the least perimeter.</BACKGROUND> <CONTRIBUTION>We prove analogues of the discrete isoperimetric inequality (involving circumradius or inradius) for cyclic and tangential polygons in hyperbolic geometry, considering both single and multiple polygons.</CONTRIBUTION> <CONTRIBUTION>Furthermore, we establish two versions of the isoperimetric inequality for multiple polygons in hyperbolic geometry with some restriction on their area or perimeter.</CONTRIBUTION> </ABSTRACT>","This paper shows that the idea “regular shapes have the shortest border for a given area” still holds true on a curved surface. First, the authors prove it for single shapes that either sit exactly inside a circle or have a circle touching each side—using both the outer circle’s size and the inner circle’s size. Next, they extend the idea to groups of shapes that share the same total area or the same total border length. Together, these results reveal how to make the most “efficient” shapes even when straight lines are replaced by curves.",   
ARXIV_2306_04924.json,"<TASK> Summarize this abstract for high-school audience while highlight importance of contributions </TASK> <ABSTRACT> <BACKGROUND>We study the mean estimation problem under communication and local differential privacy constraints.</BACKGROUND> <BACKGROUND>While previous work has proposed order-optimal algorithms for the same problem (i.e., asymptotically optimal as we spend more bits), exact optimality (in the non-asymptotic setting) still has not been achieved.</BACKGROUND> <CONTRIBUTION>In this work, we take a step towards characterizing the exact-optimal approach in the presence of shared randomness (a random variable shared between the server and the user) and identify several conditions for exact optimality.</CONTRIBUTION> <CONTRIBUTION>We prove that one of the conditions is to utilize a rotationally symmetric shared random codebook.</CONTRIBUTION> <CONTRIBUTION>Based on this, we propose a randomization mechanism where the codebook is a randomly rotated simplex—satisfying the properties of the exact-optimal codebook.</CONTRIBUTION> <CONTRIBUTION>The proposed mechanism is based on a k-closest encoding which we prove to be exact-optimal for the randomly rotated simplex codebook.</CONTRIBUTION> </ABSTRACT>","Scientists studied how to calculate the average of people’s private data when each person can only send a tiny amount of information and still keep their data secret. They found that everyone sharing the same secret “random codebook”—one that looks the same when you rotate it—is the key idea. Using this, they built a new method that picks the nearest corner of a rotated shape called a simplex and sends only that corner’s label. They proved this method is exactly the best possible way to balance three things: how little data each person sends, how well their privacy is protected, and how accurate the final average turns out. This is the first result that guarantees the strongest possible trade-off between these three goals.",   
ARXIV_1706_08720.json,"<TASK> Summarize this abstract for high-school audience while highlight importance of contributions </TASK> <ABSTRACT> <BACKGROUND>We carried out a molecular line study toward the three Spitzer bubbles S116, S117 and S118 which show active formation of high-mass stars.</BACKGROUND> <BACKGROUND>We found molecular gas consisting of two components with velocity difference of {$\sim 5$ \kms}.</BACKGROUND> <BACKGROUND>One of them, the small cloud, has typical velocity of {$-63$ \kms} and the other, the large cloud, has that of $-58$ \kms.</BACKGROUND> <BACKGROUND>The large cloud has a nearly circular intensity depression whose size is similar to the small cloud.</BACKGROUND> <CONTRIBUTION>We present an interpretation that the cavity was created by a collision between the two clouds and the collision compressed the gas into a dense layer elongated along the western rim of the small cloud.</CONTRIBUTION> <CONTRIBUTION>In this scenario, the O stars including those in the three Spitzer bubbles were formed in the interface layer compressed by the collision.</CONTRIBUTION> <CONTRIBUTION>By assuming that the relative motion of the clouds has a tilt of \timeform{45D} to the line of sight, we estimate that the collision continued over the last 1 Myr at relative velocity of $\sim$10 \kms.</CONTRIBUTION> <BACKGROUND>In the S116--117--118 system the \HII\ regions are located outside of the cavity.</BACKGROUND> <CONTRIBUTION>This morphology is ascribed to the density-bound distribution of the large cloud which made the \HII\ regions more easily expand toward the outer part of the large cloud than inside of the cavity.</CONTRIBUTION> <CONTRIBUTION>The present case proves that a cloud-cloud collision creates a cavity without an action of O star feedback, and suggests that the collision-compressed layer is highly filamentary.</CONTRIBUTION> </ABSTRACT>","They found that two giant clouds of gas smashed into each other and carved out a big cavity, squeezing gas into a thin layer where massive O-type stars were born. By measuring how fast and how long the clouds collided (about 10 km/s over 1 million years), they showed that collisions alone can make cavities and create long filamentary layers without needing existing stars to push the gas away.",   
ARXIV_math_0011153.json,"<TASK> Summarize this abstract for high-school audience while highlight importance of contributions </TASK> <ABSTRACT> <BACKGROUND>In this note, we consider the minimal entropy problem</BACKGROUND> <CONTRIBUTION>namely the question of whether there exists a smooth metric of minimal (topological) entropy, for certain classes of closed 3-manifolds.</CONTRIBUTION> </ABSTRACT>","This paper studies certain closed 3D shapes—think of them like solid, donut-free blobs—and asks if you can bend and stretch them smoothly to make a quantity called “entropy” as small as possible. Here, entropy measures how “messy” or “disordered” the shape’s geometry is. If you find the smooth geometry that minimizes this messiness, you learn new facts about how the shape is put together and what makes its structure special.",   
ARXIV_hep_th_0605227.json,<TASK> Summarize this abstract for high-school audience while highlight importance of contributions </TASK> <ABSTRACT> <CONTRIBUTION>The Chern–Simons actions of the multiple fundamental string and the multiple gravitational wave are established to full order in the background fields.</CONTRIBUTION> <BACKGROUND>Gauge invariance is checked.</BACKGROUND><CONTRIBUTION>Special attention is drawn to the non-Abelian gauge transformations of the world-volume fields.</CONTRIBUTION></ABSTRACT>,"This paper makes an important set of physics equations—called Chern–Simons actions—work in tougher situations. First, the authors show how to add in effects from lots of overlapping strings and from strong gravitational waves. Next, they prove the new equations still follow the essential “gauge symmetry” rules that keep everything consistent. Finally, they describe how the equations change when you apply special twists and turns—like solving a Rubik’s Cube in different ways. Together, these updates give scientists a clearer way to study how strings and spacetime ripples interact in extreme conditions.",   
ARXIV_astro_ph_0610678.json,"<TASK> Summarize this abstract for high-school audience while highlight importance of contributions </TASK> <ABSTRACT> <CONTRIBUTION>We present results from a study of X-shaped sources based on observations using the Giant Metrewave Radio Telescope (GMRT).</BACKGROUND> <CONTRIBUTION>These observations were motivated by our low-frequency study of 3C 223.1, an X-shaped radio source, which showed that the wings (or low surface brightness jets) have flatter spectral indices than that of the active lobes (or high surface brightness jets), a result not easily explained by most models.</BACKGROUND> <CONTRIBUTION>We have now obtained GMRT data at 240 and 610 MHz for almost all the known X-shaped radio sources and have studied the distribution of the spectral indices across the sources.</CONTRIBUTION> <CONTRIBUTION>While the radio morphologies of all the sources at 240 and 610 MHz show the characteristic X-shape, the spectral characteristics of the X-shaped radio sources seem to fall into three categories, namely, sources in which (i) the wings have flatter spectral indices than the active lobes have, (ii) the wings and the active lobes have comparable spectral indices, and (iii) the wings have steeper spectral indices than the active lobes have.</CONTRIBUTION> <CONTRIBUTION>We discuss the implications of the new observational results on the various formation models that have been proposed for X-shaped sources.</CONTRIBUTION> </ABSTRACT>","They mapped these X-shaped sources at two radio frequencies and discovered three clear groups based on how strong the signals were in the side “wings” compared to the main “lobes”: the wings could be stronger, the same, or weaker. This new classification is important because it shows that X-shaped sources aren’t all alike and requires scientists to update their models of how jets from supermassive black holes change direction. Understanding these three types will help astronomers choose and refine theories about the formation of these striking cosmic shapes.",   
ARXIV_2210_01514.json,"<TASK> Summarize this abstract for high-school audience while highlight importance of contributions </TASK> <ABSTRACT> <BACKGROUND>We study reaction-diffusion processes with multi-species particles and hard-core interaction.</BACKGROUND> <BACKGROUND>We add boundary driving to the system by means of external reservoirs which inject and remove particles, thus creating stationary currents.</BACKGROUND> <BACKGROUND>We consider the condition that the time evolution of the average occupation evolves as the discretized version of a system of coupled diffusive equations with linear reactions.</BACKGROUND><CONTRIBUTION>In particular, we identify a specific one-parameter family of such linear reaction-diffusion systems where the hydrodynamic limit behaviour can obtained by means of a dual process.</CONTRIBUTION><CONTRIBUTION>We show that partial uphill diffusion is possible for the discrete particle systems on the lattice, whereas it is lost in the hydrodynamic limit.</CONTRIBUTION> </ABSTRACT>","Scientists looked at a model where tiny particles hop around and sometimes react with each other. To make the math easier, they used a trick called the “dual process” that turns the complex model into simpler equations. When they zoomed in very close, they saw particles sometimes move the “wrong way” or even flow uphill against the usual direction. But when you step back, this odd behavior disappears in the overall average. These findings give new, easier tools for studying how particles spread out and interact in complicated systems.",   
ARXIV_quant_ph_0610153.json,"<TASK> Summarize this abstract for high-school audience while highlight importance of contributions </TASK> <ABSTRACT> <BACKGROUND>We investigate various aspects of operator quantum error-correcting codes or, as we prefer to call them, subsystem codes.</BACKGROUND> <CONTRIBUTION>We give various methods to derive subsystem codes from classical codes.</CONTRIBUTION> <CONTRIBUTION>We give a proof for the existence of subsystem codes using a counting argument similar to the quantum Gilbert-Varshamov bound.</CONTRIBUTION> <CONTRIBUTION>We derive linear programming bounds and other upper bounds.</CONTRIBUTION> <CONTRIBUTION>We answer the question whether or not there exist [[n,n-2d+2,r>0,d]]q subsystem codes.</CONTRIBUTION> <CONTRIBUTION>Finally, we compare stabilizer and subsystem codes with respect to the required number of syndrome qudits.</CONTRIBUTION> </ABSTRACT>","Quantum data can get messed up by noise, so we need special codes to protect it. This paper talks about subsystem codes, which hide errors in extra “helper” parts instead of the main data. The authors show three new ways to build these codes from regular error-correcting codes you already know. They prove that these subsystem codes actually work and give simple formulas for how well they can protect data. They also answer a math question about the best sizes these codes can be. Finally, they compare their new subsystem codes to the older “stabilizer” codes and show how many extra qubits each method needs, helping engineers choose the right code.",   